url,reason
https://international-surrogacy.com/blog/agreeing-on-the-tough-decisions-up-front,Missing from GSC/GA4
https://international-surrogacy.com/blog/how-a-texas-couple-claimed-their-baby-from-ukraine-despite-the-coronavirus-lockdown,Missing from GSC/GA4
https://international-surrogacy.com/blog/unlocking-ivf-success,Missing from GSC/GA4
https://international-surrogacy.com/blog/fertility-expert-criticises,Missing from GSC/GA4
https://international-surrogacy.com/blog/parenthood-through-surrogacy,Missing from GSC/GA4
https://international-surrogacy.com/blog/christmas,Missing from GSC/GA4
https://international-surrogacy.com/blog/infertility-is-a-disease,Missing from GSC/GA4
https://international-surrogacy.com/blog/paying-gestational-carriers,Missing from GSC/GA4
https://international-surrogacy.com/blog/global-fertility-decreases,Missing from GSC/GA4
https://international-surrogacy.com/blog/lifestyle-for-boosting-your-fertility,Missing from GSC/GA4
https://international-surrogacy.com/blog/ivf-best-treatment,Missing from GSC/GA4
https://international-surrogacy.com/blog/monitoring-the-situation-in-ukraine,Missing from GSC/GA4
https://international-surrogacy.com/blog/met-risks-to-your-surrogate,Missing from GSC/GA4
https://international-surrogacy.com/blog/that-is-important,Missing from GSC/GA4
https://international-surrogacy.com/blog/20-years-of-progress,Missing from GSC/GA4
https://international-surrogacy.com/blog/surrogacy-for-gay-couples,Missing from GSC/GA4
https://international-surrogacy.com/blog/unraveling-the-impact-of-ai-on-ivf,Missing from GSC/GA4
https://international-surrogacy.com/blog/infertility-and-depression,Missing from GSC/GA4
https://international-surrogacy.com/blog/financial-issues,Missing from GSC/GA4
https://international-surrogacy.com/blog/meet-parents-after-pandemic,Missing from GSC/GA4
https://international-surrogacy.com/blog/excellent-treatment,Missing from GSC/GA4
https://international-surrogacy.com/surrogacy-articles/17-testimonials,Missing from GSC/GA4
https://international-surrogacy.com/blog/the-pregnancy,Missing from GSC/GA4
https://international-surrogacy.com/blog/part-of-the-pregnancy,Missing from GSC/GA4
https://international-surrogacy.com/blog/pgd-and-pgs,Missing from GSC/GA4
https://international-surrogacy.com/blog/proposed-legislation,Missing from GSC/GA4
https://international-surrogacy.com/blog/multiples-risk,Missing from GSC/GA4
https://international-surrogacy.com/blog/surrogacy-in-georgia-prospects-options-and-alternatives,Missing from GSC/GA4
https://international-surrogacy.com/blog/what-is-ivf,Missing from GSC/GA4
https://international-surrogacy.com/blog/emotional-roller-coaster,Missing from GSC/GA4
https://international-surrogacy.com/blog/treatment-options-for-infertility,Missing from GSC/GA4
https://international-surrogacy.com/blog/starting-the-surrogacy-process,Missing from GSC/GA4
https://international-surrogacy.com/blog/7-ways-infertility-impacts-your-relationship,Missing from GSC/GA4
https://international-surrogacy.com/blog/st-andrews,Missing from GSC/GA4
https://international-surrogacy.com/blog/e-baby,Missing from GSC/GA4
https://international-surrogacy.com/blog/how-infertility-struggles-impact-work-performance,Missing from GSC/GA4
https://international-surrogacy.com/blog/new-reason-for-male-infertility,Missing from GSC/GA4
https://international-surrogacy.com/blog/how-to-finance-your-surrogacy-journey-with-delivering-dreams-part3,Missing from GSC/GA4
https://international-surrogacy.com/blog/17-celebrity-women,Missing from GSC/GA4
https://international-surrogacy.com/blog/why-do-surrogates-choose-delivering-dreams,Missing from GSC/GA4
https://international-surrogacy.com/blog/overtaking-fresh-embryo-transfers,Missing from GSC/GA4
https://international-surrogacy.com/blog/success-for-ukrainian-surrogacy,Missing from GSC/GA4
https://international-surrogacy.com/blog/positive-surrogacy-experience,Missing from GSC/GA4
https://international-surrogacy.com/blog/surrogacy-in-the-age,Missing from GSC/GA4
https://international-surrogacy.com/blog/you-should-try,Missing from GSC/GA4
https://international-surrogacy.com/blog/actions-speak-louder-than-words,Missing from GSC/GA4
https://international-surrogacy.com/blog/shattering-the-myths-of-surrogacy,Missing from GSC/GA4
https://international-surrogacy.com/blog/does-persistence-really-pay-off-with-ivf,Missing from GSC/GA4
https://international-surrogacy.com/surrogacy-articles/49-surrogate-s-testimonials,Missing from GSC/GA4
https://international-surrogacy.com/surrogate-and-ivf-programs-for-turkish-couples,Missing from GSC/GA4
https://international-surrogacy.com/blog/ukrainian-surrogate-and-child-healthy,Missing from GSC/GA4
https://international-surrogacy.com/blog/with-ukrainian-surrogacy,Missing from GSC/GA4
https://international-surrogacy.com/blog/hurricane-irma,Missing from GSC/GA4
https://international-surrogacy.com/blog/navigating-surrogacy-from-georgia-s-ban-to-ukraine-s-boom,Missing from GSC/GA4
https://international-surrogacy.com/blog/there-are-funds-services-for-parents,Missing from GSC/GA4
https://international-surrogacy.com/surrogacy-articles/92-pen-export,Missing from GSC/GA4
https://international-surrogacy.com/blog/pageant-speaks-out,Missing from GSC/GA4
https://international-surrogacy.com/blog/how-to-support-a-friend,Missing from GSC/GA4
https://international-surrogacy.com/blog/embryo-transfer,Missing from GSC/GA4
https://international-surrogacy.com/surrogacy-articles/56-home,Missing from GSC/GA4
https://international-surrogacy.com/surrogacy-articles/20-free-book,Missing from GSC/GA4
https://international-surrogacy.com/blog/women-in-medicine,Missing from GSC/GA4
https://international-surrogacy.com/blog/struggling,Missing from GSC/GA4
https://international-surrogacy.com/blog/never,Missing from GSC/GA4
https://international-surrogacy.com/blog/icsi-procedure-and-ivf,Missing from GSC/GA4
https://international-surrogacy.com/blog/twins-ivf-pregnancy,Missing from GSC/GA4
https://international-surrogacy.com/blog/maximizing-the-success-of-ivf-with-comprehensive-sperm-testing,Missing from GSC/GA4
https://international-surrogacy.com/blog/q-a-information-session-friday-march-4,Missing from GSC/GA4
https://international-surrogacy.com/blog/2-march-2022,Missing from GSC/GA4
https://international-surrogacy.com/25-video-what-parents/106-4,Missing from GSC/GA4
https://international-surrogacy.com/blog/women-are-often-overtreated,Missing from GSC/GA4
https://international-surrogacy.com/blog/ivf-sparked,Missing from GSC/GA4
https://international-surrogacy.com/blog/pgd-and-pgd-testing,Missing from GSC/GA4
https://international-surrogacy.com/blog/red-zone,Missing from GSC/GA4
https://international-surrogacy.com/blog/nancy-linnerooth,Missing from GSC/GA4
https://international-surrogacy.com/blog/gabrielle-union,Missing from GSC/GA4
https://international-surrogacy.com/why-choose-delivering-dreams-classic,Missing from GSC/GA4
https://international-surrogacy.com/surrogacy-articles/1-laws-and-benefits,Missing from GSC/GA4
https://international-surrogacy.com/24-video/105-4,Missing from GSC/GA4
https://international-surrogacy.com/blog/6-things,Missing from GSC/GA4
https://international-surrogacy.com/blog/fertility-treatments,Missing from GSC/GA4
https://international-surrogacy.com/blog/communicating-with-dd,Missing from GSC/GA4
https://international-surrogacy.com/blog/egg-cellent-results-how-fresh-eggs-improve-ivf-success-rates,Missing from GSC/GA4
https://international-surrogacy.com/blog/never-wait-for-a-surrogate,Missing from GSC/GA4
https://international-surrogacy.com/blog/surrogacy-is-misunderstood,Missing from GSC/GA4
https://international-surrogacy.com/blog/factors-that-contribute-to-infertility,Missing from GSC/GA4
https://international-surrogacy.com/surrogacy-articles/30-additional-questions-after-price-request,Missing from GSC/GA4
https://international-surrogacy.com/blog/most-important-measure-2,Missing from GSC/GA4
https://international-surrogacy.com/blog/true-abundance,Missing from GSC/GA4
https://international-surrogacy.com/blog/why-you-should-start-the-process-now,Missing from GSC/GA4
https://international-surrogacy.com/blog/embracing-a-positive-approach-to-coping-with-infertility,Missing from GSC/GA4
https://international-surrogacy.com/surrogacy-articles/35-london-march-20,Missing from GSC/GA4
https://international-surrogacy.com/surrogacy-articles/47-ivf-german,Missing from GSC/GA4
https://international-surrogacy.com/surrogacy-articles/36-dublin-march-23,Missing from GSC/GA4
https://international-surrogacy.com/blog/ivf-great-options-for-swiss-citizens,Missing from GSC/GA4
https://international-surrogacy.com/blog/surrogacy-testing,Missing from GSC/GA4
https://international-surrogacy.com/blog/bonding-with-child,Missing from GSC/GA4
https://international-surrogacy.com/blog/successful-surrogacy-book,Missing from GSC/GA4
https://international-surrogacy.com/why-choose-delivering-dreams-single,Missing from GSC/GA4
https://international-surrogacy.com/blog/fresh-vs-frozen-donor-eggs-biological-truth,Missing from GSC/GA4
https://international-surrogacy.com/blog/non-invasive-parental-test,Missing from GSC/GA4
https://international-surrogacy.com/blog/baby-on-their-christmas,Missing from GSC/GA4
https://international-surrogacy.com/surrogacy-articles/7-our-financing,Missing from GSC/GA4
https://international-surrogacy.com/24-video/103-2,Missing from GSC/GA4
https://international-surrogacy.com/blog/canadian-ban-on-paying-for-surrogacy-leads,Missing from GSC/GA4
https://international-surrogacy.com/our-guarantees-module,Missing from GSC/GA4
https://international-surrogacy.com/blog/endometriosis,Missing from GSC/GA4
https://international-surrogacy.com/blog/can-we-be-in-the-delivery-room,Missing from GSC/GA4
https://international-surrogacy.com/blog/male-infertility-is-just-as-likely-as-in-women,Missing from GSC/GA4
https://international-surrogacy.com/blog/advice-about-infertility,Missing from GSC/GA4
https://international-surrogacy.com/blog/baby-born-from-egg,Missing from GSC/GA4
https://international-surrogacy.com/blog/want-to-celebrate-mother-s-day,Missing from GSC/GA4
https://international-surrogacy.com/blog/how-much-do-surrogates-get-paid,Missing from GSC/GA4
https://international-surrogacy.com/blog/they-don-t-discuss-the-greif-process,Missing from GSC/GA4
https://international-surrogacy.com/24-video/104-3,Missing from GSC/GA4
https://international-surrogacy.com/blog/fear-designer-super-babies,Missing from GSC/GA4
https://international-surrogacy.com/blog/friend-struggling-with-infertility,Missing from GSC/GA4
https://international-surrogacy.com/blog/ivf-usage-religion-and-social-factors-top-concerns,Missing from GSC/GA4
https://international-surrogacy.com/blog/how-starbucks-covers-pricey-in-vitro-fertilization-for-even-its-part-time-employees,Missing from GSC/GA4
https://international-surrogacy.com/blog/ivf-can-be-painful,Missing from GSC/GA4
https://international-surrogacy.com/blog/potential-ethical-concerns,Missing from GSC/GA4
https://international-surrogacy.com/blog/how-to-prevent-getting-stuck,Missing from GSC/GA4
https://international-surrogacy.com/blog/fresh-embryos,Missing from GSC/GA4
https://international-surrogacy.com/blog/surrogacy-option,Missing from GSC/GA4
https://international-surrogacy.com/blog/ukrainian-surrogacy-law,Missing from GSC/GA4
https://international-surrogacy.com/blog/how-can-i-enter-ukraine,Missing from GSC/GA4
https://international-surrogacy.com/blog/thanksgiving,Missing from GSC/GA4
https://international-surrogacy.com/blog/can-the-price-increase,Missing from GSC/GA4
https://international-surrogacy.com/blog/two-thirds-of-uk-patients,Missing from GSC/GA4
https://international-surrogacy.com/blog/break-stigma-of-infertility,Missing from GSC/GA4
https://international-surrogacy.com/blog/the-process-of-finding-positive-solutions,Missing from GSC/GA4
https://international-surrogacy.com/25-video-what-parents/107-3,Missing from GSC/GA4
https://international-surrogacy.com/blog/ukraine-s-borders-open,Missing from GSC/GA4
https://international-surrogacy.com/blog/affect-your-body-image,Missing from GSC/GA4
https://international-surrogacy.com/blog/infertility-impacts-your-finances,Missing from GSC/GA4
https://international-surrogacy.com/blog/what-they-don-t-tell-you-about-infertility,Missing from GSC/GA4
https://international-surrogacy.com/blog/artificial-ovary,Missing from GSC/GA4
https://international-surrogacy.com/blog/longterm-risks-for-met-children,Missing from GSC/GA4
https://international-surrogacy.com/blog/those-struggling-to-overcome-infertility,Missing from GSC/GA4
https://international-surrogacy.com/surrogacy-articles/33-stamford,Missing from GSC/GA4
https://international-surrogacy.com/blog/te-quality,Missing from GSC/GA4
https://international-surrogacy.com/blog/high-quality-affordable-ivf-treatments,Missing from GSC/GA4
https://international-surrogacy.com/blog/process-differs-and-why,Missing from GSC/GA4
https://international-surrogacy.com/blog/how-to-finance-your-surrogacy-part2,Missing from GSC/GA4
https://international-surrogacy.com/blog/woman-dealing-with-infertility,Missing from GSC/GA4
https://international-surrogacy.com/blog/fet-overcomes-fresh-transfers,Missing from GSC/GA4
https://international-surrogacy.com/blog/sorry,Missing from GSC/GA4
https://international-surrogacy.com/blog/how-to-finance-your-surrogacy-part1,Missing from GSC/GA4
https://international-surrogacy.com/blog/in-the-shadow-f-war,Missing from GSC/GA4
https://international-surrogacy.com/blog/choosing-the-best-embryo,Missing from GSC/GA4
https://international-surrogacy.com/blog/global-crisis-in-male-fertility,Missing from GSC/GA4
https://international-surrogacy.com/book-your-ivf-call-now,Missing from GSC/GA4
https://international-surrogacy.com/blog/safe-and-successful-surrogacy-in-ukraine,Missing from GSC/GA4
https://international-surrogacy.com/best-surrogacy-agency,Missing from GSC/GA4
https://international-surrogacy.com/surrogacy-articles/40-test-2,Missing from GSC/GA4
https://international-surrogacy.com/blog/surrogacy-friendly-states,Missing from GSC/GA4
https://international-surrogacy.com/blog/fertility-rate,Missing from GSC/GA4
https://international-surrogacy.com/blog/dna-fragmentation-testing-may-cause-miscarriages,Missing from GSC/GA4
https://international-surrogacy.com/blog/ivf-clinics-reopen,Missing from GSC/GA4
https://international-surrogacy.com/blog/surrogacy-play-tugs-at-heartstrings,Missing from GSC/GA4
https://international-surrogacy.com/blog/surrogates-need-to-share-their-experiences,Missing from GSC/GA4
https://international-surrogacy.com/blog/embryo-freezing-or-egg-freezing-what-is-better,Missing from GSC/GA4
https://international-surrogacy.com/blog/war-and-where-is-safe,Missing from GSC/GA4
https://international-surrogacy.com/24-video/102-1,Missing from GSC/GA4
https://international-surrogacy.com/blog/running-the-parenthood-race-through-a-detailed-examination-of-the-ivf-and-embryo-transfer-process,Missing from GSC/GA4
https://international-surrogacy.com/surrogacy-articles/43-404-error,Missing from GSC/GA4
https://international-surrogacy.com/blog/does-non-invasive-parental-test,Missing from GSC/GA4
https://international-surrogacy.com/blog/downtown-atlanta-148,Missing from GSC/GA4
https://international-surrogacy.com/blog/fewer-twins-being-born-is-actually-positive-news,Missing from GSC/GA4
https://international-surrogacy.com/blog/consider-ukrainian-surrogacy,Missing from GSC/GA4
https://international-surrogacy.com/blog/what-is-icsi-treatment,Missing from GSC/GA4
https://international-surrogacy.com/blog/confidence-and-transparency-in-surrogacy,Missing from GSC/GA4
https://international-surrogacy.com/blog/knowledge-is-power,Missing from GSC/GA4
https://international-surrogacy.com/surrogacy-articles/24-bonus-book-offers,Missing from GSC/GA4
https://international-surrogacy.com/blog/how-common-is-infertility,Missing from GSC/GA4
https://international-surrogacy.com/blog/only-gestational-surrogacy-is-legal-in-ukraine,Missing from GSC/GA4
https://international-surrogacy.com/blog/when-considering-international-surrogacy,Missing from GSC/GA4
https://international-surrogacy.com/blog/male-depression-and-ivf-success-is-there-a-connection,Missing from GSC/GA4
https://international-surrogacy.com/blog/prp-for-ivf,Missing from GSC/GA4
https://international-surrogacy.com/blog/the-infertility-crisis-is-beyond-doubt-but-what-is-the-cause,Missing from GSC/GA4
https://international-surrogacy.com/blog/what-they-don-t-teach-in-school,Missing from GSC/GA4
https://international-surrogacy.com/blog/god-and-adoption,Missing from GSC/GA4
https://international-surrogacy.com/blog/mild-stimulation-in-egg-donation,Missing from GSC/GA4
https://international-surrogacy.com/blog/upmc-carlisle,Missing from GSC/GA4
https://international-surrogacy.com/blog/sperm-chip-treatment,Missing from GSC/GA4
https://international-surrogacy.com/gdpr,Missing from GSC/GA4
https://international-surrogacy.com/blog/why-our-donor-matching-process-is-extraordinary,Missing from GSC/GA4
https://international-surrogacy.com/blog/happy-mother-s-day,Missing from GSC/GA4
https://international-surrogacy.com/blog/arizona-surrogate,Missing from GSC/GA4
https://international-surrogacy.com/blog/biological-clock,Missing from GSC/GA4
https://international-surrogacy.com/surrogacy-articles/34-new-york-city-february-8,Missing from GSC/GA4
https://international-surrogacy.com/blog/hope-without-borders,Missing from GSC/GA4
https://international-surrogacy.com/blog/surrogacy-ivf-and-the-seasonal-impact-on-fertility-treatments,Missing from GSC/GA4
https://international-surrogacy.com/blog/extra-embryos,Missing from GSC/GA4
https://international-surrogacy.com/blog/your-guide-to-trimester-by-trimester-fetal-development,Missing from GSC/GA4
https://international-surrogacy.com/surrogacy-articles/38-how-it-works,Missing from GSC/GA4
https://international-surrogacy.com/blog/exploring-fertility-treatments,Missing from GSC/GA4
https://international-surrogacy.com/blog/ovarian-cancer,Missing from GSC/GA4
https://international-surrogacy.com/blog/male-factor-fertility,Missing from GSC/GA4
https://international-surrogacy.com/blog/infertility-29,Missing from GSC/GA4
https://international-surrogacy.com/blog/selection-techniques,Missing from GSC/GA4
https://international-surrogacy.com/25-video-what-parents/109-1,Missing from GSC/GA4
https://international-surrogacy.com/blog/egg-freezing-standard,Missing from GSC/GA4
https://international-surrogacy.com/blog/north-carolina,Missing from GSC/GA4
https://international-surrogacy.com/blog/from-sex-selection-to-surrogacy,Missing from GSC/GA4
https://international-surrogacy.com/blog/no-quarantine-for-entering-ukraine,Missing from GSC/GA4
https://international-surrogacy.com/blog/how-surrogacy-is-done,Missing from GSC/GA4
https://international-surrogacy.com/blog/ukrainian-surrogacy-about-covid,Missing from GSC/GA4
https://international-surrogacy.com/blog/pgs-preimplantation-embryo-screening,Missing from GSC/GA4
https://international-surrogacy.com/blog/a-guide-for-intended-parents,Missing from GSC/GA4
https://international-surrogacy.com/blog/katie-lee,Missing from GSC/GA4
https://international-surrogacy.com/why-choose-delivering-dreams-classic-book,Missing from GSC/GA4
https://international-surrogacy.com/blog/online-baby-store,Missing from GSC/GA4
https://international-surrogacy.com/free-book-successful-surrogacy,Missing from GSC/GA4
https://international-surrogacy.com/blog/gender-bias-with-infertility,Missing from GSC/GA4
https://international-surrogacy.com/blog/birth-rates,Missing from GSC/GA4
https://international-surrogacy.com/blog/fertility-fest-uk-april-23-may-18,Missing from GSC/GA4
https://international-surrogacy.com/blog/pregnancy-test,Missing from GSC/GA4
https://international-surrogacy.com/blog/potential-problems-with-hollywood-surrogacy,Missing from GSC/GA4
https://international-surrogacy.com/blog/what-is-infertility,Missing from GSC/GA4
https://international-surrogacy.com/blog/arrests-surrogates,Missing from GSC/GA4
https://international-surrogacy.com/blog/why-intended-parents-choose-surrogacy,Missing from GSC/GA4
https://international-surrogacy.com/blog/smoking-s-stealthy-assault-on-fertility-and-the-path-to-recovery,Missing from GSC/GA4
https://international-surrogacy.com/surrogacy-articles/11-page-not-found,Missing from GSC/GA4
https://international-surrogacy.com/blog/experiencing-infertility,Missing from GSC/GA4
https://international-surrogacy.com/blog/republic-of-georgia-changes-laws-on-surrogacy,Missing from GSC/GA4
https://international-surrogacy.com/blog/modern-fertility-assistance-methods,Missing from GSC/GA4
https://international-surrogacy.com/blog/how-can-i-know-the-sex-of-my-future-baby,Missing from GSC/GA4
https://international-surrogacy.com/blog/medical-rights-do-ips,Missing from GSC/GA4
https://international-surrogacy.com/blog/can-artificial-ovaries-help-women-conceive-after-chemotherapy,Missing from GSC/GA4
https://international-surrogacy.com/blog/don-t-start-ivf-without-these-essential-tests,Missing from GSC/GA4
https://international-surrogacy.com/blog/another-great-company-offering-financial-support-for-surrogacy-ernst-young,Missing from GSC/GA4
https://international-surrogacy.com/blog/emotional-well-being-on-the-path-to-conception,Missing from GSC/GA4
https://international-surrogacy.com/blog/successful-surrogacy-during-the-war,Missing from GSC/GA4
https://international-surrogacy.com/blog/good-news-for-ukrainian-surrogacy,Missing from GSC/GA4
https://international-surrogacy.com/blog/prognosis,Missing from GSC/GA4
https://international-surrogacy.com/blog/judge-says,Missing from GSC/GA4
https://international-surrogacy.com/blog/surrogacy-in-times-of-covid-19,Missing from GSC/GA4
https://international-surrogacy.com/blog/why-you-should-start-now,Missing from GSC/GA4
https://international-surrogacy.com/blog/placebo-effect,Missing from GSC/GA4
https://international-surrogacy.com/blog/dd-clinic-inspection-and-verification,Missing from GSC/GA4
https://international-surrogacy.com/blog/surrogates-ukrainian-surrogacy,Missing from GSC/GA4
https://international-surrogacy.com/blog/information-session-and-q-a,Missing from GSC/GA4
https://international-surrogacy.com/blog/should-a-woman-wanting-infertility,Missing from GSC/GA4
https://international-surrogacy.com/blog/irish-children,Missing from GSC/GA4
https://international-surrogacy.com/blog/no-adoption-or-re-adoption-required,Missing from GSC/GA4
https://international-surrogacy.com/surrogacy-articles/18-just-one-step-can-change-your-life,Missing from GSC/GA4
https://international-surrogacy.com/blog/surrogacy-acronyms-explained,Missing from GSC/GA4
https://international-surrogacy.com/blog/finance-2-part,Missing from GSC/GA4
https://international-surrogacy.com/blog/obnoxious-questions-and-comments,Missing from GSC/GA4
https://international-surrogacy.com/surrogacy-articles/12-our-surrogacy-programs,Missing from GSC/GA4
https://international-surrogacy.com/blog/if-you-re-considering-surrogacy,Missing from GSC/GA4
https://international-surrogacy.com/blog/don-t-believe-unbelievable-results,Missing from GSC/GA4
https://international-surrogacy.com/blog/kim-kardashian,Missing from GSC/GA4
https://international-surrogacy.com/blog/study-on-ivf,Missing from GSC/GA4
https://international-surrogacy.com/blog/suspect-is-struggling-with-infertility-1,Missing from GSC/GA4
https://international-surrogacy.com/blog/top-ten-reasons,Missing from GSC/GA4
https://international-surrogacy.com/blog/improve-amid-growing,Missing from GSC/GA4
https://international-surrogacy.com/blog/rights-for-surrogate-parents,Missing from GSC/GA4
https://international-surrogacy.com/blog/women-cancer,Missing from GSC/GA4
https://international-surrogacy.com/blog/oocyte-number-and-optimal-ivf,Missing from GSC/GA4
https://international-surrogacy.com/blog/surrogate-matching,Missing from GSC/GA4
https://international-surrogacy.com/blog/surrogacy-and-privacy,Missing from GSC/GA4
https://international-surrogacy.com/blog/terrified-ukrainian-surrogates,Missing from GSC/GA4
https://international-surrogacy.com/blog/what-can-go-wrong,Missing from GSC/GA4
https://international-surrogacy.com/blog/are-experienced-surrogates-available,Missing from GSC/GA4
https://international-surrogacy.com/why-choose-delivering-dreams-classic-short,Missing from GSC/GA4
https://international-surrogacy.com/blog/new-parents-stuck-in-us,Missing from GSC/GA4
https://international-surrogacy.com/blog/why-you-should-hire-an-agency,Missing from GSC/GA4
https://international-surrogacy.com/blog/fresh-or-frozen-eggs,Missing from GSC/GA4
https://international-surrogacy.com/blog/listen,Missing from GSC/GA4
