page,clicks,impressions,ctr,position
https://international-surrogacy.com/blog/cristiano-ronaldo-296,669.0,40109.0,0.016679548231070332,4.207310080031913
https://international-surrogacy.com/blog/why-did-paris-hilton-use-a-surrogate,559.0,60338.0,0.009264476780801485,4.062497928337034
https://international-surrogacy.com/,312.0,22356.0,0.013955984970477724,18.327607801037754
https://international-surrogacy.com/blog/egg-retrieval-after-hysterectomy,241.0,27835.0,0.008658164181785522,7.53504580564038
https://international-surrogacy.com/blog/priyanka-chopra-chooses-surrogacy,158.0,34490.0,0.004581037982023775,5.952305015946651
https://international-surrogacy.com/blog/cameron-diaz-and-benji-madden,139.0,27304.0,0.0050908291825373575,3.6016334602988573
https://international-surrogacy.com/deutsch,109.0,2621.0,0.04158718046547119,18.865318580694392
https://international-surrogacy.com/blog/emma-weymouth,92.0,9825.0,0.009363867684478371,6.058218829516539
https://international-surrogacy.com/blog/can-blood-type-affect-your-surrogacy-journey-what-you-need-to-know,53.0,4463.0,0.011875420120994847,6.4277391888864
https://international-surrogacy.com/blog/through-surrogacy-ricky-martin,51.0,4895.0,0.010418794688457609,4.173646578140961
https://international-surrogacy.com/blog/from-angelina-jolie-to-neil-patrick-harris-celebrities-who-chose-surrogacy,49.0,2396.0,0.020450751252086813,4.086811352253756
https://international-surrogacy.com/blog/two-sons,46.0,14071.0,0.0032691351005614384,4.0478288678843
https://international-surrogacy.com/blog/a-story-of-love-and-family,38.0,8381.0,0.004534065147357117,5.712325498150578
https://international-surrogacy.com/blog/fredrik-eklund,23.0,1473.0,0.015614392396469789,8.040733197556008
https://international-surrogacy.com/blog/surrogacy-and-ivf-in-islam,22.0,5222.0,0.004212945231711987,10.028916124090387
https://international-surrogacy.com/us,22.0,3962.0,0.005552751135790005,21.441948510853106
https://international-surrogacy.com/cost-of-surrogacy-in-ukraine,21.0,8643.0,0.0024297119055883376,23.052759458521347
https://international-surrogacy.com/blog/michelle-buteau-encouraged-surrogacy,17.0,965.0,0.017616580310880828,5.243523316062176
https://international-surrogacy.com/blog/ellen-kathleen-pompeo,15.0,3909.0,0.003837298541826554,6.857764134049629
https://international-surrogacy.com/blog/nicole-kidman-and-keith-urban,15.0,11081.0,0.0013536684414764012,3.749842072015161
https://international-surrogacy.com/blog/amy-smart-carter-oosterhouse,14.0,3851.0,0.003635419371591794,5.264087250064918
https://international-surrogacy.com/blog/cheapest-surrogacy-in-usa,12.0,4321.0,0.00277713492247165,14.691738023605646
https://international-surrogacy.com/blog/average-weight-and-growth-chart-for-babies-toddlers-and-kids,11.0,12745.0,0.0008630835621812476,9.736210278540604
https://international-surrogacy.com/blog/jimmy-fallon,10.0,6165.0,0.0016220600162206002,3.6901865369018654
https://international-surrogacy.com/blog/top-5-tv-shows-exploring-surrogacy,10.0,1856.0,0.005387931034482759,6.056573275862069
https://international-surrogacy.com/calculator-page,10.0,6156.0,0.0016244314489928524,37.81075373619233
https://international-surrogacy.com/surrogacy,10.0,2423.0,0.004127115146512587,16.890631448617416
https://international-surrogacy.com/blog/anderson-hays-cooper,9.0,924.0,0.00974025974025974,6.867965367965368
https://international-surrogacy.com/blog/key-supplements-to-enhance-female-fertility,9.0,3509.0,0.002564833285836421,3.7286976346537477
https://international-surrogacy.com/blog/michelle-buteau,9.0,957.0,0.009404388714733543,9.652037617554859
https://international-surrogacy.com/blog/traveling-to-ukraine-for-surrogacy,9.0,2184.0,0.004120879120879121,4.607142857142858
https://international-surrogacy.com/blog/why-are-women-so-mean-to-infertile-women,9.0,810.0,0.011111111111111112,13.42962962962963
https://international-surrogacy.com/surrogacy-in-lviv,9.0,348.0,0.02586206896551724,10.89080459770115
https://international-surrogacy.com/best-surrogacy-agency-in-ukraine,8.0,1594.0,0.005018820577164366,13.411543287327477
https://international-surrogacy.com/blog/surrogacy-in-ghana-for-single-men,8.0,2293.0,0.0034888791975577847,4.479720889664195
https://international-surrogacy.com/blog/where-is-surrogacy-legal-in-europe,8.0,2761.0,0.002897500905469033,19.90220934444042
https://international-surrogacy.com/blog/artificial-activization-with-calcium-ionophore,7.0,4859.0,0.0014406256431364478,6.931261576456061
https://international-surrogacy.com/blog/baby-names-that-mean-love,7.0,6673.0,0.0010490034467256107,9.852090514011689
https://international-surrogacy.com/blog/being-a-surrogate-for-a-family-member,7.0,4857.0,0.001441218859378217,16.19147621988882
https://international-surrogacy.com/blog/neil-patrick-harris,7.0,807.0,0.008674101610904586,8.25278810408922
https://international-surrogacy.com/blog/robbie-williams,7.0,1150.0,0.00608695652173913,7.670434782608695
https://international-surrogacy.com/blog/the-history-of-surrogacy-from-ancient-times-to-modern-practices,7.0,1698.0,0.004122497055359246,15.340989399293287
https://international-surrogacy.com/success-stories/testimonials,7.0,821.0,0.008526187576126675,14.239951278928137
https://international-surrogacy.com/blog/celebrity-housewife,6.0,6640.0,0.0009036144578313253,7.921385542168674
https://international-surrogacy.com/blog/kristen-wiig,6.0,612.0,0.00980392156862745,6.049019607843137
https://international-surrogacy.com/blog/lucy-liu-opens-up-about-her-journey-to-motherhood-via-a-surrogate,6.0,1954.0,0.0030706243602865915,5.929375639713409
https://international-surrogacy.com/blog/parenthood-for-ricky-martin,6.0,1754.0,0.0034207525655644243,5.524515393386545
https://international-surrogacy.com/blog/breastfeeding-and-surrogacy,5.0,2970.0,0.0016835016835016834,9.57003367003367
https://international-surrogacy.com/blog/infertility-after-abortion,5.0,2429.0,0.0020584602717167557,19.770687525730754
https://international-surrogacy.com/blog/katie-lee-and-ryan-biegel,5.0,546.0,0.009157509157509158,9.472527472527473
https://international-surrogacy.com/blog/single-can-you-do-ivf,5.0,247.0,0.020242914979757085,11.76923076923077
https://international-surrogacy.com/blog/will-my-baby-look-like-me-using-donor-eggs,5.0,2794.0,0.0017895490336435219,4.968503937007874
https://international-surrogacy.com/surrogacy-single-men,5.0,1823.0,0.0027427317608337905,18.83708173340647
https://international-surrogacy.com/blog/blamed-women-for-infertility-286,4.0,840.0,0.004761904761904762,9.366666666666667
https://international-surrogacy.com/blog/boosting-fertility-the-power-of-coq10-magnesium-oxide-maca-root-and-ashwagandha,4.0,848.0,0.0047169811320754715,5.866745283018868
https://international-surrogacy.com/blog/do-surrogate-mothers-have-parental-rights,4.0,1933.0,0.0020693222969477496,25.841696844283497
https://international-surrogacy.com/blog/guaranteed-surrogacy-programs,4.0,593.0,0.006745362563237774,11.018549747048905
https://international-surrogacy.com/blog/it-s-a-boy-chrissy-teigen-and-john-legend-welcome-fourth-child-via-surrogacy,4.0,838.0,0.00477326968973747,9.494033412887829
https://international-surrogacy.com/blog/love-letter-to-my-future-surrogate,4.0,626.0,0.006389776357827476,11.266773162939296
https://international-surrogacy.com/blog/surrogate-carries-quadruplets,4.0,137.0,0.029197080291970802,14.854014598540147
https://international-surrogacy.com/blog/the-hidden-costs-of-surrogacy,4.0,1492.0,0.002680965147453083,9.224530831099196
https://international-surrogacy.com/donor-database,4.0,2853.0,0.0014020329477742728,59.35261128636523
https://international-surrogacy.com/faq,4.0,3738.0,0.001070090957731407,14.607276618512573
https://international-surrogacy.com/success-stories,4.0,823.0,0.004860267314702308,29.11786148238153
https://international-surrogacy.com/success-stories/surrogate-s-testimonials,4.0,107.0,0.037383177570093455,13.728971962616823
https://international-surrogacy.com/surrogacy-boston,4.0,2307.0,0.0017338534893801473,37.23927178153446
https://international-surrogacy.com/blog/28-celebrities,3.0,2834.0,0.001058574453069866,13.326746647847566
https://international-surrogacy.com/blog/cristiano-ronaldo,3.0,1053.0,0.002849002849002849,11.869895536562204
https://international-surrogacy.com/blog/embryo-transportation,3.0,2286.0,0.0013123359580052493,21.363954505686788
https://international-surrogacy.com/blog/her-body-my-baby,3.0,1809.0,0.001658374792703151,13.458264234383638
https://international-surrogacy.com/blog/michelle-obama-s-ivf-story,3.0,1957.0,0.0015329586101175269,7.932549821154828
https://international-surrogacy.com/blog/olympian-nancy-kerrigan,3.0,168.0,0.017857142857142856,12.964285714285714
https://international-surrogacy.com/blog/pgd-vs-ngs-the-importance-and-superiority-of-next-generation-sequencing-in-ivf,3.0,196.0,0.015306122448979591,9.51530612244898
https://international-surrogacy.com/blog/shayne-lamas,3.0,504.0,0.005952380952380952,9.597222222222221
https://international-surrogacy.com/blog/surrogacy-for-single-men-in-ghana,3.0,3319.0,0.0009038867128653209,13.563121422115096
https://international-surrogacy.com/blog/surrogacy-fraud-in-kenya,3.0,164.0,0.018292682926829267,29.652439024390244
https://international-surrogacy.com/blog/surrogacy-in-the-united-states-vs-ukraine-a-comparison,3.0,677.0,0.004431314623338257,29.971935007385525
https://international-surrogacy.com/blog/tamron-hall-shares,3.0,623.0,0.004815409309791332,7.579454253611557
https://international-surrogacy.com/blog/ukrainian-surrogacy-avoiding-fraud,3.0,412.0,0.007281553398058253,42.771844660194176
https://international-surrogacy.com/blog/what-happens-when-fertility-treatments-religion-are-incompatible,3.0,182.0,0.016483516483516484,18.692307692307693
https://international-surrogacy.com/blog/zach-giford-and-kiele-sanchez,3.0,838.0,0.003579952267303103,7.069212410501193
https://international-surrogacy.com/us/surrogacy-law-in-ukraine,3.0,2409.0,0.0012453300124533001,19.921129099211292
https://international-surrogacy.com/blog,2.0,478.0,0.0041841004184100415,13.625523012552302
https://international-surrogacy.com/blog/age-limits-for-surrogacy,2.0,1890.0,0.0010582010582010583,45.24656084656085
https://international-surrogacy.com/blog/egg-donation-in-ukraine,2.0,1324.0,0.0015105740181268882,18.77190332326284
https://international-surrogacy.com/blog/embryo-glue,2.0,303.0,0.006600660066006601,10.937293729372938
https://international-surrogacy.com/blog/gender-selection-myths-science-and-you,2.0,4461.0,0.0004483299708585519,4.478592243891504
https://international-surrogacy.com/blog/how-long-does-surrogacy-in-ukraine-take,2.0,752.0,0.0026595744680851063,14.933510638297872
https://international-surrogacy.com/blog/how-microplastics-affect-sperm-quality-and-fertility,2.0,1571.0,0.001273074474856779,49.24188415022279
https://international-surrogacy.com/blog/how-much-are-egg-donors-paid-in-california,2.0,7485.0,0.0002672010688042752,66.1369405477622
https://international-surrogacy.com/blog/i-found-a-surrogate,2.0,97.0,0.020618556701030927,18.77319587628866
https://international-surrogacy.com/blog/i-was-a-surrogate,2.0,415.0,0.004819277108433735,27.93253012048193
https://international-surrogacy.com/blog/kim-kardashian-and-kanye-west,2.0,2917.0,0.0006856359273225917,5.91018169352074
https://international-surrogacy.com/blog/no-age-limits-for-intended-parents,2.0,196.0,0.01020408163265306,53.183673469387756
https://international-surrogacy.com/blog/not-belong-to-herself,2.0,217.0,0.009216589861751152,14.732718894009217
https://international-surrogacy.com/blog/ryan-murphy-become-a-father,2.0,173.0,0.011560693641618497,7.473988439306359
https://international-surrogacy.com/blog/tax-implications,2.0,839.0,0.0023837902264600714,14.846245530393325
https://international-surrogacy.com/blog/ukraine-surrogacy-cost-breakdown-2026,2.0,3782.0,0.0005288207297726071,4.744315177154944
https://international-surrogacy.com/blog/ukraine-vs-georgia-surrogacy-exit-risks,2.0,283.0,0.007067137809187279,6.678445229681979
https://international-surrogacy.com/success-stories/reviews-of-ukraine,2.0,558.0,0.0035842293906810036,23.43548387096774
https://international-surrogacy.com/blog/5-email-subject-lines,1.0,319.0,0.003134796238244514,7.536050156739812
https://international-surrogacy.com/blog/after-35-years,1.0,17.0,0.058823529411764705,9.470588235294118
https://international-surrogacy.com/blog/anderson-cooper-announces-he-is-a-father,1.0,203.0,0.0049261083743842365,14.660098522167488
https://international-surrogacy.com/blog/are-there-risks-to-my-surrogate-child-with-non-invasive-parental-test,1.0,185.0,0.005405405405405406,9.594594594594595
https://international-surrogacy.com/blog/babies-of-ukraine-s-once-booming,1.0,69.0,0.014492753623188406,16.594202898550726
https://international-surrogacy.com/blog/barcelona-researchers-develop-artificial-womb-for-premature-babies,1.0,31.0,0.03225806451612903,9.32258064516129
https://international-surrogacy.com/blog/blastocyst-grading-basics,1.0,255.0,0.00392156862745098,40.76470588235294
https://international-surrogacy.com/blog/boost-your-reproductive-health-with-a-fertility-diet-meal-plan,1.0,2532.0,0.00039494470774091627,16.721563981042657
https://international-surrogacy.com/blog/calcium-ionophore-424,1.0,427.0,0.00234192037470726,19.138173302107727
https://international-surrogacy.com/blog/canada-s-fertility-law-changes,1.0,18.0,0.05555555555555555,16.61111111111111
https://international-surrogacy.com/blog/complicated-history-of-surrogacy,1.0,474.0,0.002109704641350211,40.177215189873415
https://international-surrogacy.com/blog/dna-test-to-show-the-child,1.0,36.0,0.027777777777777776,12.944444444444445
https://international-surrogacy.com/blog/egg-retrieval-after-hysterectomy#h2-can-you-harvest-eggs-after-hysterectomy,1.0,11450.0,8.733624454148471e-05,7.161222707423581
https://international-surrogacy.com/blog/ethical-considerations-in-surrogacy,1.0,1647.0,0.0006071645415907711,30.76927747419551
https://international-surrogacy.com/blog/facts-about-surrogacy,1.0,83.0,0.012048192771084338,46.036144578313255
https://international-surrogacy.com/blog/fertility-expert-criticises,1.0,8.0,0.125,7.875
https://international-surrogacy.com/blog/fertility-for-dummies,1.0,22.0,0.045454545454545456,8.545454545454547
https://international-surrogacy.com/blog/gabrielle-monique,1.0,17.0,0.058823529411764705,7.117647058823529
https://international-surrogacy.com/blog/gabrielle-union-and-dwyane-wade-to-surrogacy,1.0,330.0,0.0030303030303030303,22.06969696969697
https://international-surrogacy.com/blog/genetic-connections-of-a-child-in-a-surrogacy-program,1.0,1281.0,0.00078064012490242,23.61982825917252
https://international-surrogacy.com/blog/how-to-improve-sperm-quality-before-ivf,1.0,84.0,0.011904761904761904,23.357142857142858
https://international-surrogacy.com/blog/international-vs-us-surrogacy,1.0,601.0,0.0016638935108153079,16.795341098169715
https://international-surrogacy.com/blog/is-the-baby-related-to-the-surrogate-4-questions-you-have,1.0,1660.0,0.0006024096385542169,27.4
https://international-surrogacy.com/blog/ivf-and-gender-selection-in-ukraine,1.0,55.0,0.01818181818181818,9.854545454545455
https://international-surrogacy.com/blog/ivf-success-calculator,1.0,193.0,0.0051813471502590676,40.30051813471503
https://international-surrogacy.com/blog/karyotype-test,1.0,6003.0,0.0001665833749791771,8.818424121272697
https://international-surrogacy.com/blog/legal-aspects-of-surrogacy-in-the-usa,1.0,2382.0,0.00041981528127623844,56.44668345927792
https://international-surrogacy.com/blog/louise-brown,1.0,177.0,0.005649717514124294,18.322033898305083
https://international-surrogacy.com/blog/naomi-campbell-embraces-the-joy-of-surrogacy-welcomes-baby-boy-into-her-life,1.0,176.0,0.005681818181818182,10.340909090909092
https://international-surrogacy.com/blog/never-wait-for-a-surrogate,1.0,70.0,0.014285714285714285,9.5
https://international-surrogacy.com/blog/nj-couple,1.0,16.0,0.0625,5.875
https://international-surrogacy.com/blog/pronuclear-transfer,1.0,223.0,0.004484304932735426,9.10762331838565
https://international-surrogacy.com/blog/pros-and-cons-of-surrogacy,1.0,2838.0,0.00035236081747709656,38.35447498238196
https://international-surrogacy.com/blog/risks-of-international-surrogacy,1.0,295.0,0.003389830508474576,7.128813559322034
https://international-surrogacy.com/blog/safe-and-guaranteed-surrogacy,1.0,58.0,0.017241379310344827,22.82758620689655
https://international-surrogacy.com/blog/sperm-microchipping,1.0,64.0,0.015625,11.515625
https://international-surrogacy.com/blog/surrogacy-acronyms-explained,1.0,227.0,0.004405286343612335,17.77533039647577
https://international-surrogacy.com/blog/surrogacy-for-uterine-factor-infertility,1.0,203.0,0.0049261083743842365,7.83743842364532
https://international-surrogacy.com/blog/surrogacy-in-florida,1.0,389.0,0.002570694087403599,57.81748071979435
https://international-surrogacy.com/blog/surrogacy-insurance,1.0,764.0,0.0013089005235602095,61.18848167539267
https://international-surrogacy.com/blog/surrogacy-market-outlook-2026,1.0,4446.0,0.0002249212775528565,10.618308591992802
https://international-surrogacy.com/blog/susan-kersch-kibler,1.0,19.0,0.05263157894736842,9.842105263157896
https://international-surrogacy.com/blog/tax,1.0,21.0,0.047619047619047616,17.952380952380953
https://international-surrogacy.com/blog/the-benefits-of-older-parents,1.0,17.0,0.058823529411764705,12.117647058823529
https://international-surrogacy.com/blog/the-growing-popularity-of-surrogacy,1.0,85.0,0.011764705882352941,7.552941176470588
https://international-surrogacy.com/blog/this-was-our-last-oprion-yo-have-a-family,1.0,130.0,0.007692307692307693,18.023076923076925
https://international-surrogacy.com/blog/too-old,1.0,39.0,0.02564102564102564,21.46153846153846
https://international-surrogacy.com/blog/truth-and-confusion-behind-success-rates,1.0,64.0,0.015625,57.296875
https://international-surrogacy.com/blog/ukraine-is-low-cost-surrogacy,1.0,31.0,0.03225806451612903,35.903225806451616
https://international-surrogacy.com/blog/vs-single-embryo-transfers,1.0,507.0,0.0019723865877712033,8.431952662721894
https://international-surrogacy.com/blog/when-to-stop-ivf-and-consider-surrogacy,1.0,115.0,0.008695652173913044,8.947826086956521
https://international-surrogacy.com/blog/who-invented-surrogacy,1.0,779.0,0.0012836970474967907,34.78690629011553
https://international-surrogacy.com/blog/who-is-surrogate-mother,1.0,8504.0,0.00011759172154280339,53.52598777046096
https://international-surrogacy.com/surrogacy-ukraine-price,1.0,3419.0,0.0002924831822170225,21.588768645802865
https://international-surrogacy.com/surrogacy/surrogates,1.0,1903.0,0.0005254860746190226,23.52128218602207
https://international-surrogacy.com/why-choose-delivering-dreams,1.0,180.0,0.005555555555555556,15.622222222222222
https://international-surrogacy.com/why-choose-delivering-dreams-single-short,1.0,127.0,0.007874015748031496,6.393700787401575
https://international-surrogacy.com/25-video-what-parents/108-2,0.0,2.0,0.0,8.0
https://international-surrogacy.com/blog/06-24-27-19,0.0,2.0,0.0,8.0
https://international-surrogacy.com/blog/10-common-questions-about-egg-donation,0.0,1114.0,0.0,18.453321364452425
https://international-surrogacy.com/blog/10-reasons-people-use-a-surrogate-mother,0.0,435.0,0.0,39.88275862068966
https://international-surrogacy.com/blog/10-steps-to-improve-egg-quality-for-ivf-or-pregnancy,0.0,37.0,0.0,14.18918918918919
https://international-surrogacy.com/blog/17-celebrity-women,0.0,28.0,0.0,21.892857142857142
https://international-surrogacy.com/blog/6-things,0.0,5.0,0.0,11.6
https://international-surrogacy.com/blog/61-year-old-surrogate-mother,0.0,15.0,0.0,11.066666666666666
https://international-surrogacy.com/blog/a-guide-for-parents,0.0,1.0,0.0,4.0
https://international-surrogacy.com/blog/a-mom-is-a-mom,0.0,6.0,0.0,8.833333333333332
https://international-surrogacy.com/blog/a-story-of-love-and-family#h1-1-the-step-by-step-process,0.0,84.0,0.0,5.607142857142857
https://international-surrogacy.com/blog/a-story-of-love-and-family#h1-elton-john-and-david-furnish-s-surrogacy-story,0.0,1702.0,0.0,6.41186839012926
https://international-surrogacy.com/blog/a-story-of-love-and-family#h1-what-is-gestational-surrogacy-the-path-elton-john-chose,0.0,86.0,0.0,5.569767441860465
https://international-surrogacy.com/blog/a-story-of-love-and-family#h2-elton-john-and-the-normalisation-of-surrogacy,0.0,84.0,0.0,5.607142857142857
https://international-surrogacy.com/blog/a-story-of-love-and-family#h2-understanding-surrogacy,0.0,844.0,0.0,7.340047393364929
https://international-surrogacy.com/blog/a-story-of-love-and-family#h3-who-can-use-gestational-surrogacy-eligibility-at-delivering-dreams,0.0,39.0,0.0,6.897435897435898
https://international-surrogacy.com/blog/a-story-of-love-and-family#h3-why-elton-john-and-david-furnish-choose-surrogacy,0.0,1603.0,0.0,6.484092326887087
https://international-surrogacy.com/blog/a-story-of-love-and-family#h4-the-impact-of-their-story,0.0,943.0,0.0,7.11983032873807
https://international-surrogacy.com/blog/adhd,0.0,12.0,0.0,12.416666666666666
https://international-surrogacy.com/blog/advantages-of-using-an-agency,0.0,16.0,0.0,15.8125
https://international-surrogacy.com/blog/advantages-of-using-and-agency,0.0,23.0,0.0,27.695652173913043
https://international-surrogacy.com/blog/advice-to-ip-starting-the-ukrainian-surrogacy-journey,0.0,1.0,0.0,6.0
https://international-surrogacy.com/blog/affect-your-body-image,0.0,4.0,0.0,7.0
https://international-surrogacy.com/blog/affordable-egg-donation,0.0,9.0,0.0,33.333333333333336
https://international-surrogacy.com/blog/amy-schumer-wishes-all-could-afford-ivf,0.0,18.0,0.0,17.166666666666668
https://international-surrogacy.com/blog/an-easy-look-at-ivf,0.0,30.0,0.0,9.9
https://international-surrogacy.com/blog/another-great-company-offering-financial-support-for-surrogacy-ernst-young,0.0,2.0,0.0,9.0
https://international-surrogacy.com/blog/another-great-reason,0.0,2.0,0.0,13.5
https://international-surrogacy.com/blog/ari-feldman,0.0,1.0,0.0,23.0
https://international-surrogacy.com/blog/arizona-surrogate,0.0,1.0,0.0,1.0
https://international-surrogacy.com/blog/artificial-ovary,0.0,1.0,0.0,1.0
https://international-surrogacy.com/blog/avoid-this-risk,0.0,39.0,0.0,8.358974358974358
https://international-surrogacy.com/blog/baby-born-from-egg,0.0,6.0,0.0,13.5
https://international-surrogacy.com/blog/battling-infertility-on-father-s-day,0.0,33.0,0.0,10.181818181818182
https://international-surrogacy.com/blog/birth-rates,0.0,8.0,0.0,9.375
https://international-surrogacy.com/blog/blame-for-infertility,0.0,1.0,0.0,11.0
https://international-surrogacy.com/blog/blaming-women-for-infertility,0.0,69.0,0.0,15.101449275362318
https://international-surrogacy.com/blog/break-stigma-of-infertility,0.0,7.0,0.0,5.714285714285714
https://international-surrogacy.com/blog/calcium-ionophore,0.0,726.0,0.0,11.163911845730027
https://international-surrogacy.com/blog/california-couple-surrogacy,0.0,19.0,0.0,8.947368421052632
https://international-surrogacy.com/blog/cameron-diaz-and-benji-madden#h1-years-of-ivf-and-fertility-treatments-cameron-diaz-s-journey-before-surrogacy,0.0,88.0,0.0,8.931818181818182
https://international-surrogacy.com/blog/cameron-diaz-and-benji-madden#h2-what-is-gestational-surrogacy-understanding-how-cameron-diaz-had-raddix,0.0,90.0,0.0,9.055555555555555
https://international-surrogacy.com/blog/cameron-diaz-and-benji-madden#h3-surrogacy-after-40-and-repeated-ivf-failure-you-are-not-alone,0.0,81.0,0.0,9.074074074074074
https://international-surrogacy.com/blog/cameron-diaz-and-benji-madden#h4-could-surrogacy-be-the-right-path-for-you,0.0,81.0,0.0,9.074074074074074
https://international-surrogacy.com/blog/cameron-diaz-and-benji-madden#h5-frequently-asked-questions-about-cameron-diaz-and-surrogacy,0.0,97.0,0.0,8.927835051546392
https://international-surrogacy.com/blog/camille-guaty,0.0,303.0,0.0,14.933993399339935
https://international-surrogacy.com/blog/can-artificial-ovaries-help-women-conceive-after-chemotherapy,0.0,1.0,0.0,13.0
https://international-surrogacy.com/blog/can-blood-type-affect-your-surrogacy-journey-what-you-need-to-know#h1-1-introduction,0.0,1403.0,0.0,5.694226657163222
https://international-surrogacy.com/blog/can-blood-type-affect-your-surrogacy-journey-what-you-need-to-know#h2-2-overview-of-surrogacy,0.0,895.0,0.0,6.116201117318436
https://international-surrogacy.com/blog/can-blood-type-affect-your-surrogacy-journey-what-you-need-to-know#h3-3-role-of-blood-type-in-surrogacy,0.0,1421.0,0.0,5.685432793807178
https://international-surrogacy.com/blog/can-blood-type-affect-your-surrogacy-journey-what-you-need-to-know#h4-4-biological-parents,0.0,818.0,0.0,6.858190709046455
https://international-surrogacy.com/blog/can-blood-type-affect-your-surrogacy-journey-what-you-need-to-know#h5-5-selecting-a-surrogate,0.0,1072.0,0.0,6.236940298507463
https://international-surrogacy.com/blog/can-blood-type-affect-your-surrogacy-journey-what-you-need-to-know#h6-6-blood-type-considerations-in-donor-selection,0.0,1418.0,0.0,5.692524682651622
https://international-surrogacy.com/blog/can-blood-type-affect-your-surrogacy-journey-what-you-need-to-know#h7-7-matching-process,0.0,434.0,0.0,5.258064516129032
https://international-surrogacy.com/blog/can-blood-type-affect-your-surrogacy-journey-what-you-need-to-know#h8-8-legal-and-ethical-considerations,0.0,1023.0,0.0,6.286412512218964
https://international-surrogacy.com/blog/can-i-be-a-surrogate-after-tubal-ligation,0.0,1639.0,0.0,28.244661378889568
https://international-surrogacy.com/blog/can-i-be-in-contact-with-my-surrogate,0.0,19.0,0.0,16.210526315789473
https://international-surrogacy.com/blog/canadian-parents,0.0,9.0,0.0,6.555555555555555
https://international-surrogacy.com/blog/cancer-patients,0.0,193.0,0.0,35.56476683937824
https://international-surrogacy.com/blog/child-s-birth-certificate,0.0,2011.0,0.0,11.458975634012928
https://international-surrogacy.com/blog/child-s-gender,0.0,171.0,0.0,14.543859649122806
https://international-surrogacy.com/blog/child-through-surrogacy,0.0,21.0,0.0,38.523809523809526
https://international-surrogacy.com/blog/children-after-cancer,0.0,6.0,0.0,41.833333333333336
https://international-surrogacy.com/blog/choosing-a-ukrainian-surrogate,0.0,38.0,0.0,21.157894736842106
https://international-surrogacy.com/blog/choosing-the-best-embryo,0.0,8.0,0.0,30.125
https://international-surrogacy.com/blog/choosing-the-right-surrogacy-agency,0.0,75.0,0.0,36.21333333333333
https://international-surrogacy.com/blog/communicating-with-dd,0.0,3.0,0.0,9.0
https://international-surrogacy.com/blog/confidence-during-pregnancy,0.0,29.0,0.0,29.482758620689655
https://international-surrogacy.com/blog/consider-surrogacy,0.0,11.0,0.0,46.36363636363637
https://international-surrogacy.com/blog/consider-ukrainian-surrogacy,0.0,11.0,0.0,48.54545454545455
https://international-surrogacy.com/blog/could-sperm-donation-replace-egg-donation-in-surrogacy,0.0,8.0,0.0,13.25
https://international-surrogacy.com/blog/covid-19-baby-boom-jokes,0.0,227.0,0.0,15.083700440528634
https://international-surrogacy.com/blog/covid-lockdown,0.0,16.0,0.0,28.75
https://international-surrogacy.com/blog/cristiano-ronaldo-296#h1-cristiano-ronaldo-s-surrogacy-journey,0.0,3702.0,0.0,6.5875202593192865
https://international-surrogacy.com/blog/cristiano-ronaldo-296#h2-understanding-surrogacy,0.0,2634.0,0.0,6.650341685649202
https://international-surrogacy.com/blog/cristiano-ronaldo-296#h3-how-does-surrogacy-work,0.0,3620.0,0.0,6.6276243093922655
https://international-surrogacy.com/blog/cristiano-ronaldo-296#h5-the-role-of-delivering-dreams-international-surrogacy-agency,0.0,2558.0,0.0,6.699765441751368
https://international-surrogacy.com/blog/dd-clinic-inspection-and-verification,0.0,34.0,0.0,6.705882352941177
https://international-surrogacy.com/blog/desperate-for-assistance,0.0,117.0,0.0,15.376068376068377
https://international-surrogacy.com/blog/determining-your-due-date-after-ivf,0.0,297.0,0.0,70.1010101010101
https://international-surrogacy.com/blog/dna-testing-to-ensure-a-healthy-child,0.0,3.0,0.0,3.0
https://international-surrogacy.com/blog/does-non-invasive-parental-test,0.0,7.0,0.0,5.285714285714286
https://international-surrogacy.com/blog/does-persistence-really-pay-off-with-ivf,0.0,10.0,0.0,12.3
https://international-surrogacy.com/blog/don-t-start-ivf-without-these-essential-tests,0.0,5.0,0.0,7.2
https://international-surrogacy.com/blog/donors,0.0,17.0,0.0,24.58823529411765
https://international-surrogacy.com/blog/e-baby,0.0,6.0,0.0,4.5
https://international-surrogacy.com/blog/eating-for-two-mastering-the-best-pregnancy-diet,0.0,143.0,0.0,10.895104895104895
https://international-surrogacy.com/blog/egg-cellent-results-how-fresh-eggs-improve-ivf-success-rates,0.0,8.0,0.0,11.25
https://international-surrogacy.com/blog/egg-retrieval-after-hysterectomy#can-you-retrieve-eggs-after-hysterectomy,0.0,190.0,0.0,6.78421052631579
https://international-surrogacy.com/blog/egg-retrieval-after-hysterectomy#family-building-options,0.0,169.0,0.0,6.970414201183432
https://international-surrogacy.com/blog/egg-retrieval-after-hysterectomy#h1-understanding-hysterectomy-and-its-impact,0.0,10486.0,0.0,7.176330345222201
https://international-surrogacy.com/blog/egg-retrieval-after-hysterectomy#h3-can-you-donate-eggs-after-a-hysterectomy,0.0,10985.0,0.0,7.265908056440601
https://international-surrogacy.com/blog/egg-retrieval-after-hysterectomy#h4-medical-considerations,0.0,9866.0,0.0,7.29728360024326
https://international-surrogacy.com/blog/egg-retrieval-after-hysterectomy#h7-advances-in-technology,0.0,9903.0,0.0,7.292234676360699
https://international-surrogacy.com/blog/egg-retrieval-after-hysterectomy#how-egg-retrieval-works,0.0,193.0,0.0,6.709844559585492
https://international-surrogacy.com/blog/egg-retrieval-after-hysterectomy#when-it-may-be-harder,0.0,170.0,0.0,6.952941176470588
https://international-surrogacy.com/blog/egg-retrieval-after-hysterectomy#when-it-may-be-possible,0.0,173.0,0.0,6.867052023121388
https://international-surrogacy.com/blog/embracing-a-positive-approach-to-coping-with-infertility,0.0,31.0,0.0,16.29032258064516
https://international-surrogacy.com/blog/embryo-transfer,0.0,3.0,0.0,11.0
https://international-surrogacy.com/blog/emma-weymouth#h1-who-is-emma-weymouth-the-marchioness-of-bath-longleat-amp-a-historic-first,0.0,341.0,0.0,11.017595307917889
https://international-surrogacy.com/blog/emma-weymouth#h2-hypophysitis-the-rare-brain-condition-behind-emma-weymouth-s-surrogacy-decision,0.0,297.0,0.0,11.124579124579125
https://international-surrogacy.com/blog/emma-weymouth#h3-what-is-gestational-surrogacy-how-emma-weymouth-s-son-henry-was-born,0.0,298.0,0.0,11.120805369127517
https://international-surrogacy.com/blog/emma-weymouth#h4-the-marquess-of-bath-longleat-amp-the-question-of-inheritance,0.0,311.0,0.0,11.122186495176848
https://international-surrogacy.com/blog/emma-weymouth#h5-could-surrogacy-be-the-right-path-for-your-family,0.0,297.0,0.0,11.124579124579125
https://international-surrogacy.com/blog/emma-weymouth#h6-frequently-asked-questions-about-emma-weymouth-and-surrogacy,0.0,328.0,0.0,11.012195121951219
https://international-surrogacy.com/blog/emotional-roller-coaster-223,0.0,41.0,0.0,20.829268292682926
https://international-surrogacy.com/blog/essential-guide-to-surrogacy-terms-a-glossary-for-intended-parents,0.0,92.0,0.0,25.98913043478261
https://international-surrogacy.com/blog/ethical-problems,0.0,12.0,0.0,7.333333333333333
https://international-surrogacy.com/blog/expensive-due-to-the-war,0.0,1.0,0.0,9.0
https://international-surrogacy.com/blog/extra-embryos,0.0,1.0,0.0,1.0
https://international-surrogacy.com/blog/facilities-during-the-war,0.0,8.0,0.0,6.0
https://international-surrogacy.com/blog/factors-that-contribute-to-infertility,0.0,26.0,0.0,27.923076923076923
https://international-surrogacy.com/blog/fear-designer-super-babies,0.0,5.0,0.0,8.4
https://international-surrogacy.com/blog/female-infertility,0.0,1.0,0.0,9.0
https://international-surrogacy.com/blog/fertility-decreases-monthly-as-ivf-access-is-limited,0.0,1.0,0.0,6.0
https://international-surrogacy.com/blog/fertility-drug,0.0,60.0,0.0,19.75
https://international-surrogacy.com/blog/fertility-fest-uk-april-23-may-18,0.0,7.0,0.0,7.428571428571429
https://international-surrogacy.com/blog/fertility-in-the-workplace,0.0,1.0,0.0,9.0
https://international-surrogacy.com/blog/fertility-rate,0.0,12.0,0.0,36.25
https://international-surrogacy.com/blog/fertility-treatments,0.0,11.0,0.0,51.72727272727273
https://international-surrogacy.com/blog/fertility-treatments-48,0.0,7.0,0.0,5.285714285714286
https://international-surrogacy.com/blog/fewer-twins-being-born-is-actually-positive-news,0.0,11.0,0.0,39.81818181818182
https://international-surrogacy.com/blog/finance-1-part,0.0,37.0,0.0,36.08108108108108
https://international-surrogacy.com/blog/financial-issues,0.0,19.0,0.0,24.526315789473685
https://international-surrogacy.com/blog/first-human-eggs-grown-in-laboratory,0.0,4.0,0.0,7.5
https://international-surrogacy.com/blog/food-network-star-katie-lee,0.0,1.0,0.0,9.0
https://international-surrogacy.com/blog/foods-that-increase-your-fertility,0.0,1.0,0.0,1.0
https://international-surrogacy.com/blog/fredrik-eklund#h1-fredrik-eklund-s-road-to-parenthood-years-of-waiting-hope-and-loss,0.0,3.0,0.0,7.333333333333333
https://international-surrogacy.com/blog/fredrik-eklund#h2-what-is-gestational-surrogacy-the-model-fredrik-eklund-used,0.0,3.0,0.0,7.333333333333333
https://international-surrogacy.com/blog/fredrik-eklund#h3-surrogacy-and-miscarriage-when-the-journey-doesn-t-go-as-planned,0.0,3.0,0.0,7.333333333333333
https://international-surrogacy.com/blog/fredrik-eklund#h4-who-can-use-gestational-surrogacy-eligibility-at-delivering-dreams,0.0,3.0,0.0,7.333333333333333
https://international-surrogacy.com/blog/fresh-embryos,0.0,9.0,0.0,43.44444444444444
https://international-surrogacy.com/blog/fresh-vs-frozen-donor-eggs-biological-truth,0.0,42.0,0.0,25.095238095238095
https://international-surrogacy.com/blog/from-dreams-to-reality-a-danish-surrogacy-journey,0.0,180.0,0.0,13.672222222222222
https://international-surrogacy.com/blog/from-sex-selection-to-surrogacy,0.0,1.0,0.0,11.0
https://international-surrogacy.com/blog/frozen-embryo-transfers,0.0,6.0,0.0,10.333333333333334
https://international-surrogacy.com/blog/frozen-embryo-transfers-385,0.0,16.0,0.0,9.75
https://international-surrogacy.com/blog/frozen-embryos,0.0,14.0,0.0,15.285714285714286
https://international-surrogacy.com/blog/frozen-vr-fresh,0.0,11.0,0.0,9.545454545454545
https://international-surrogacy.com/blog/fun-games-rosanna-davison-says-parenthood-will-be-next-juggling-trick-as-she-wishes-best-pal-wes-quirke-happy-birthday,0.0,12.0,0.0,19.083333333333332
https://international-surrogacy.com/blog/gabrielle-union,0.0,17.0,0.0,29.235294117647058
https://international-surrogacy.com/blog/gabrielle-union-dwyane-wade,0.0,293.0,0.0,24.098976109215016
https://international-surrogacy.com/blog/gabrielle-union-on-infertility,0.0,103.0,0.0,13.737864077669903
https://international-surrogacy.com/blog/gender-selection-myths-science-and-you#h1-1-introduction,0.0,1.0,0.0,5.0
https://international-surrogacy.com/blog/gender-selection-myths-science-and-you#h2-2-understanding-gender-selection,0.0,2.0,0.0,8.5
https://international-surrogacy.com/blog/gender-selection-myths-science-and-you#h3-3-parental-influence-on-baby-s-gender,0.0,1.0,0.0,5.0
https://international-surrogacy.com/blog/gender-selection-myths-science-and-you#h4-4-traditional-methods-and-myths,0.0,1.0,0.0,5.0
https://international-surrogacy.com/blog/gender-selection-myths-science-and-you#h5-5-scientific-approaches-to-gender-selection,0.0,1.0,0.0,5.0
https://international-surrogacy.com/blog/gender-selection-myths-science-and-you#h6-6-surrogacy-and-gender-selection,0.0,2.0,0.0,8.5
https://international-surrogacy.com/blog/gender-selection-myths-science-and-you#h7-7-conclusion,0.0,2.0,0.0,8.5
https://international-surrogacy.com/blog/genetic-mutations,0.0,59.0,0.0,17.661016949152543
https://international-surrogacy.com/blog/genetic-screening,0.0,22.0,0.0,18.318181818181817
https://international-surrogacy.com/blog/gestational-surrogacy,0.0,1553.0,0.0,59.19832582099163
https://international-surrogacy.com/blog/global-fertility-decreases,0.0,3.0,0.0,4.333333333333334
https://international-surrogacy.com/blog/good-news-for-ukrainian-surrogacy,0.0,23.0,0.0,69.21739130434783
https://international-surrogacy.com/blog/green-card-holder,0.0,49.0,0.0,13.448979591836734
https://international-surrogacy.com/blog/green-zone-countries,0.0,5.0,0.0,13.2
https://international-surrogacy.com/blog/guaranteed-baby,0.0,111.0,0.0,42.32432432432432
https://international-surrogacy.com/blog/guaranteed-surrogacy-programs#h1-the-mathematical-trap-why-you-are-likely-overpaying,0.0,9.0,0.0,9.777777777777779
https://international-surrogacy.com/blog/guaranteed-surrogacy-programs#h2-the-cherry-picking-filter-the-myth-of-the-safety-net,0.0,6.0,0.0,9.333333333333334
https://international-surrogacy.com/blog/guaranteed-surrogacy-programs#h3-the-conflict-of-interest-quantity-over-quality,0.0,6.0,0.0,9.333333333333334
https://international-surrogacy.com/blog/guaranteed-surrogacy-programs#h4-the-all-inclusive-lie-what-isn-t-covered,0.0,6.0,0.0,9.333333333333334
https://international-surrogacy.com/blog/guaranteed-surrogacy-programs#h5-how-delivering-dreams-protects-your-investment,0.0,9.0,0.0,9.777777777777779
https://international-surrogacy.com/blog/happy-mother-s-day,0.0,6.0,0.0,12.333333333333334
https://international-surrogacy.com/blog/happy-thanksgiving,0.0,1.0,0.0,26.0
https://international-surrogacy.com/blog/health-insurance-covid-19,0.0,40.0,0.0,54.8
https://international-surrogacy.com/blog/healthiest-sperm,0.0,11.0,0.0,35.09090909090909
https://international-surrogacy.com/blog/high-quality-affordable-ivf-treatments,0.0,17.0,0.0,39.11764705882353
https://international-surrogacy.com/blog/holiday-season,0.0,8.0,0.0,7.0
https://international-surrogacy.com/blog/how-a-texas-couple-claimed-their-baby-from-ukraine-despite-the-coronavirus-lockdown,0.0,31.0,0.0,19.483870967741936
https://international-surrogacy.com/blog/how-can-i-enter-ukraine,0.0,9.0,0.0,20.0
https://international-surrogacy.com/blog/how-common-is-infertility,0.0,1.0,0.0,1.0
https://international-surrogacy.com/blog/how-coronavirus-is-affecting-international-surrogacy,0.0,3.0,0.0,22.0
https://international-surrogacy.com/blog/how-infertility-struggles-impact-work-performance,0.0,2.0,0.0,12.0
https://international-surrogacy.com/blog/how-long-does-ukrainian-surrogacy-take,0.0,48.0,0.0,9.9375
https://international-surrogacy.com/blog/how-much-do-surrogates-get-paid,0.0,1.0,0.0,61.0
https://international-surrogacy.com/blog/how-much-does-surrogacy-cost,0.0,695.0,0.0,62.9726618705036
https://international-surrogacy.com/blog/how-starbucks-covers-pricey-in-vitro-fertilization-for-even-its-part-time-employees,0.0,50.0,0.0,18.44
https://international-surrogacy.com/blog/how-surrogacy-is-done,0.0,1.0,0.0,1.0
https://international-surrogacy.com/blog/how-to-choose-the-best-agency,0.0,4.0,0.0,3.25
https://international-surrogacy.com/blog/how-to-eat-a-healthy-diet-during-pregnancy,0.0,10.0,0.0,7.8
https://international-surrogacy.com/blog/how-to-increase-the-chances-of-a-successful-ivf-pregnancy,0.0,20.0,0.0,11.8
https://international-surrogacy.com/blog/how-to-select-the-best-embryo-unraveling-the-intricacies-of-ivf-embryo-grading,0.0,478.0,0.0,25.53765690376569
https://international-surrogacy.com/blog/how-to-understand-sperm-analysis-results,0.0,116.0,0.0,54.8448275862069
https://international-surrogacy.com/blog/human-reproduction,0.0,2.0,0.0,59.5
https://international-surrogacy.com/blog/i-just-wanted-a-baby,0.0,356.0,0.0,28.73314606741573
https://international-surrogacy.com/blog/if-you-re-considering-surrogacy,0.0,5.0,0.0,5.8
https://international-surrogacy.com/blog/illegal-underground-surrogacy-in-china,0.0,335.0,0.0,16.250746268656716
https://international-surrogacy.com/blog/infertility-after-abortion#h1-can-abortion-cause-infertility,0.0,1.0,0.0,9.0
https://international-surrogacy.com/blog/infertility-after-abortion#h2-signs-of-infertility-after-abortion,0.0,1.0,0.0,9.0
https://international-surrogacy.com/blog/infertility-and-depression,0.0,1.0,0.0,6.0
https://international-surrogacy.com/blog/infertility-causes-symptoms,0.0,4.0,0.0,31.0
https://international-surrogacy.com/blog/information-webinar,0.0,2.0,0.0,6.0
https://international-surrogacy.com/blog/international-surrogacy-agency-s,0.0,36.0,0.0,12.0
https://international-surrogacy.com/blog/international-surrogacy-agency-will-my-baby-look-like-me-using-donor-eggs-2/,0.0,1.0,0.0,1.0
https://international-surrogacy.com/blog/ireland-pr-bringing-the-opportunity-for-surrogacy-in-ukraine-to-irish-couples,0.0,21.0,0.0,31.952380952380953
https://international-surrogacy.com/blog/is-ukrainian-surrogacy-safe,0.0,1.0,0.0,5.0
https://international-surrogacy.com/blog/ivf-can-be-painful,0.0,2.0,0.0,8.0
https://international-surrogacy.com/blog/ivf-clinics-reopen,0.0,3.0,0.0,24.333333333333332
https://international-surrogacy.com/blog/ivf-has-forced-us-to-think-about-genetic-screening,0.0,1.0,0.0,7.0
https://international-surrogacy.com/blog/ivf-second-opinion,0.0,38.0,0.0,13.131578947368421
https://international-surrogacy.com/blog/ivf-sparked,0.0,2.0,0.0,5.5
https://international-surrogacy.com/blog/ivf-usage-religion-and-social-factors-top-concerns,0.0,1.0,0.0,11.0
https://international-surrogacy.com/blog/ivf-with-improved-sperm-fertility,0.0,8.0,0.0,10.125
https://international-surrogacy.com/blog/japan-health-ministry,0.0,7.0,0.0,17.857142857142858
https://international-surrogacy.com/blog/john-legend,0.0,16.0,0.0,16.375
https://international-surrogacy.com/blog/johnson-johnson,0.0,126.0,0.0,12.158730158730158
https://international-surrogacy.com/blog/jscreen-wants-to-test,0.0,45.0,0.0,20.6
https://international-surrogacy.com/blog/judge-says,0.0,38.0,0.0,12.078947368421053
https://international-surrogacy.com/blog/kandi-burruss-todd-tucker,0.0,975.0,0.0,8.964102564102564
https://international-surrogacy.com/blog/katielee-is-still-trying,0.0,23.0,0.0,15.695652173913043
https://international-surrogacy.com/blog/key-supplements-to-enhance-female-fertility#h1-what-is-fertility,0.0,25.0,0.0,8.24
https://international-surrogacy.com/blog/key-supplements-to-enhance-female-fertility#h2-fertility-supplements-and-diet-for-women,0.0,22.0,0.0,8.272727272727273
https://international-surrogacy.com/blog/key-supplements-to-enhance-female-fertility#h3-does-fenugreek-make-you-fertile,0.0,22.0,0.0,8.272727272727273
https://international-surrogacy.com/blog/key-supplements-to-enhance-female-fertility#h4-papaya-seeds-and-female-fertility,0.0,25.0,0.0,8.24
https://international-surrogacy.com/blog/kim-kardashian,0.0,22.0,0.0,11.318181818181818
https://international-surrogacy.com/blog/las-vegas-event,0.0,4.0,0.0,43.75
https://international-surrogacy.com/blog/legal-qualifications,0.0,28.0,0.0,6.857142857142857
https://international-surrogacy.com/blog/let-s-set-the-record-straight,0.0,21.0,0.0,23.523809523809526
https://international-surrogacy.com/blog/lifestyle-for-boosting-your-fertility,0.0,4.0,0.0,7.0
https://international-surrogacy.com/blog/living-with-endometriosis-insights-into-treatment-pregnancy-and-surrogacy,0.0,11.0,0.0,16.81818181818182
https://international-surrogacy.com/blog/longterm-risks-for-met-children,0.0,2.0,0.0,5.0
https://international-surrogacy.com/blog/love-always-mom,0.0,147.0,0.0,21.768707482993197
https://international-surrogacy.com/blog/low-ovarian-reserve,0.0,159.0,0.0,61.144654088050316
https://international-surrogacy.com/blog/male-factor-fertility,0.0,2.0,0.0,9.0
https://international-surrogacy.com/blog/managing-human-emotions,0.0,30.0,0.0,13.333333333333334
https://international-surrogacy.com/blog/matched-with-a-surrogate,0.0,41.0,0.0,10.512195121951219
https://international-surrogacy.com/blog/maximizing-the-success-of-ivf-with-comprehensive-sperm-testing,0.0,4.0,0.0,20.25
https://international-surrogacy.com/blog/medical-care-during-pregnancy,0.0,19.0,0.0,11.368421052631579
https://international-surrogacy.com/blog/medical-rights-do-ips,0.0,1.0,0.0,1.0
https://international-surrogacy.com/blog/meet-parents-after-pandemic,0.0,3.0,0.0,39.0
https://international-surrogacy.com/blog/met-risks-to-your-surrogate,0.0,1.0,0.0,12.0
https://international-surrogacy.com/blog/michelle-buteau-encouraged-surrogacy#h1-from-ivf-and-fibroids-to-surrogacy-why-michelle-buteau-changed-course,0.0,2.0,0.0,8.5
https://international-surrogacy.com/blog/michelle-buteau-encouraged-surrogacy#h2-what-is-gestational-surrogacy-the-path-michelle-buteau-chose,0.0,2.0,0.0,8.5
https://international-surrogacy.com/blog/michelle-buteau-encouraged-surrogacy#h3-the-role-of-partner-support-i-want-you-back,0.0,2.0,0.0,8.5
https://international-surrogacy.com/blog/michelle-buteau-encouraged-surrogacy#h4-could-surrogacy-be-the-right-path-for-you,0.0,2.0,0.0,8.5
https://international-surrogacy.com/blog/michelle-buteau-encouraged-surrogacy#h5-frequently-asked-questions-about-michelle-buteau-and-surrogacy,0.0,2.0,0.0,8.5
https://international-surrogacy.com/blog/most-popular-baby-names-of-2023,0.0,2752.0,0.0,3.400799418604651
https://international-surrogacy.com/blog/mrs-north-carolina,0.0,26.0,0.0,24.03846153846154
https://international-surrogacy.com/blog/mrs-north-carolina-142,0.0,18.0,0.0,54.166666666666664
https://international-surrogacy.com/blog/multiple-embryo-transfers,0.0,41.0,0.0,7.219512195121951
https://international-surrogacy.com/blog/multiples-risk,0.0,12.0,0.0,25.75
https://international-surrogacy.com/blog/nancy-linnerooth,0.0,39.0,0.0,14.102564102564102
https://international-surrogacy.com/blog/natural-birth-vs-cesarean-section-which-path-to-choose,0.0,168.0,0.0,13.529761904761905
https://international-surrogacy.com/blog/never,0.0,1.0,0.0,11.0
https://international-surrogacy.com/blog/new-parents-stuck-in-us,0.0,21.0,0.0,12.666666666666666
https://international-surrogacy.com/blog/ngs,0.0,11.0,0.0,12.363636363636363
https://international-surrogacy.com/blog/nipt,0.0,99.0,0.0,8.787878787878789
https://international-surrogacy.com/blog/no-adoption-or-re-adoption-required,0.0,5.0,0.0,20.0
https://international-surrogacy.com/blog/no-quarantine-for-entering-ukraine,0.0,35.0,0.0,23.742857142857144
https://international-surrogacy.com/blog/north-carolina,0.0,5.0,0.0,53.4
https://international-surrogacy.com/blog/not-everyone-abandons-surrogates,0.0,15.0,0.0,11.533333333333333
https://international-surrogacy.com/blog/not-to-say-to-people,0.0,99.0,0.0,38.06060606060606
https://international-surrogacy.com/blog/offer-ivf-benefits,0.0,17.0,0.0,8.0
https://international-surrogacy.com/blog/only-gestational-surrogacy-is-legal-in-ukraine,0.0,27.0,0.0,59.333333333333336
https://international-surrogacy.com/blog/ovarian-cancer,0.0,9.0,0.0,45.111111111111114
https://international-surrogacy.com/blog/overtaking-fresh-embryo-transfers,0.0,2.0,0.0,13.5
https://international-surrogacy.com/blog/pageant-speaks-out,0.0,14.0,0.0,7.428571428571429
https://international-surrogacy.com/blog/paying-gestational-carriers,0.0,10.0,0.0,21.2
https://international-surrogacy.com/blog/pcos,0.0,4.0,0.0,29.75
https://international-surrogacy.com/blog/pcos-everything-you-need-to-know-about-polycystic-ovary-syndrome,0.0,7.0,0.0,43.714285714285715
https://international-surrogacy.com/blog/petrie-dish,0.0,321.0,0.0,15.426791277258568
https://international-surrogacy.com/blog/pgd-and-pgd-testing,0.0,8.0,0.0,30.5
https://international-surrogacy.com/blog/pgs-preimplantation-embryo-screening,0.0,3.0,0.0,19.666666666666668
https://international-surrogacy.com/blog/pinterest-provides-up-to-20k-for-surrogacy-assistance,0.0,56.0,0.0,8.160714285714285
https://international-surrogacy.com/blog/placebo-effect,0.0,9.0,0.0,42.0
https://international-surrogacy.com/blog/positive-pregnancy-test-goes-viral,0.0,237.0,0.0,11.949367088607595
https://international-surrogacy.com/blog/positive-surrogacy-experience,0.0,8.0,0.0,21.125
https://international-surrogacy.com/blog/potential-problems-with-hollywood-surrogacy,0.0,4.0,0.0,5.25
https://international-surrogacy.com/blog/pregnancy-tests-everything-you-ve-ever-wanted-to-know,0.0,112.0,0.0,12.535714285714286
https://international-surrogacy.com/blog/priyanka-chopra-chooses-surrogacy#h1-baby-malti-marie-a-premature-birth-that-changed-everything,0.0,681.0,0.0,9.671071953010278
https://international-surrogacy.com/blog/priyanka-chopra-chooses-surrogacy#h2-what-is-gestational-surrogacy-understanding-priyanka-chopra-s-choice,0.0,834.0,0.0,9.514388489208633
https://international-surrogacy.com/blog/priyanka-chopra-chooses-surrogacy#h3-medical-and-personal-reasons-couples-choose-surrogacy-today,0.0,686.0,0.0,9.666180758017493
https://international-surrogacy.com/blog/priyanka-chopra-chooses-surrogacy#h4-could-surrogacy-be-the-right-path-for-you,0.0,673.0,0.0,9.686478454680534
https://international-surrogacy.com/blog/priyanka-chopra-chooses-surrogacy#h5-frequently-asked-questions-about-priyanka-chopra-and-surrogacy,0.0,855.0,0.0,9.490058479532165
https://international-surrogacy.com/blog/prognosis,0.0,5.0,0.0,26.4
https://international-surrogacy.com/blog/pros-and-cons-of-donating-eggs,0.0,2277.0,0.0,16.10715854194115
https://international-surrogacy.com/blog/prp-for-ivf,0.0,15.0,0.0,12.8
https://international-surrogacy.com/blog/q-a-information-session-friday-march-4,0.0,1.0,0.0,8.0
https://international-surrogacy.com/blog/reproductive-challenges-in-space-the-next-frontier,0.0,231.0,0.0,10.83982683982684
https://international-surrogacy.com/blog/ricky-martin-brings-positive-awareness-to-surrogacy,0.0,248.0,0.0,4.798387096774194
https://international-surrogacy.com/blog/roadmap-through-your-infertility-journey,0.0,28.0,0.0,13.785714285714286
https://international-surrogacy.com/blog/rosanna-davison,0.0,75.0,0.0,14.306666666666667
https://international-surrogacy.com/blog/safe-and-successful-surrogacy-in-ukraine,0.0,3.0,0.0,8.0
https://international-surrogacy.com/blog/safety-ukraine-2026,0.0,674.0,0.0,7.114243323442136
https://international-surrogacy.com/blog/screening-technology,0.0,11.0,0.0,3.090909090909091
https://international-surrogacy.com/blog/shattering-the-myths-of-surrogacy,0.0,28.0,0.0,36.964285714285715
https://international-surrogacy.com/blog/ship-sperm-or-embryos,0.0,121.0,0.0,26.68595041322314
https://international-surrogacy.com/blog/should-a-woman-wanting-infertility,0.0,4.0,0.0,40.5
https://international-surrogacy.com/blog/simple-metrics,0.0,9.0,0.0,17.88888888888889
https://international-surrogacy.com/blog/single-embryo-transfer,0.0,12.0,0.0,13.083333333333334
https://international-surrogacy.com/blog/single-father-surrogacy-ghana,0.0,2103.0,0.0,5.973846885401807
https://international-surrogacy.com/blog/siobhan-marshall,0.0,550.0,0.0,9.478181818181818
https://international-surrogacy.com/blog/skin-to-skin-contact-after-birth,0.0,183.0,0.0,20.256830601092897
https://international-surrogacy.com/blog/sorry,0.0,7.0,0.0,8.142857142857142
https://international-surrogacy.com/blog/spain-reject-registration,0.0,818.0,0.0,37.206601466992666
https://international-surrogacy.com/blog/sperm-chip-treatment,0.0,2.0,0.0,18.0
https://international-surrogacy.com/blog/sperm-decline,0.0,16.0,0.0,37.9375
https://international-surrogacy.com/blog/sperm-morphology,0.0,14.0,0.0,44.285714285714285
https://international-surrogacy.com/blog/sperm-washing-be,0.0,10.0,0.0,49.4
https://international-surrogacy.com/blog/sperm-washing-increase,0.0,16.0,0.0,17.875
https://international-surrogacy.com/blog/spermogram-test,0.0,198.0,0.0,36.13636363636363
https://international-surrogacy.com/blog/starbucks-covers-pricey,0.0,3.0,0.0,36.666666666666664
https://international-surrogacy.com/blog/steps-to-success-preparation-for-ivf-egg-retrieval,0.0,314.0,0.0,79.14968152866243
https://international-surrogacy.com/blog/study-on-ivf,0.0,2.0,0.0,7.0
https://international-surrogacy.com/blog/success-for-ukrainian-surrogacy,0.0,16.0,0.0,25.375
https://international-surrogacy.com/blog/successful-surrogacyjourney,0.0,6.0,0.0,27.5
https://international-surrogacy.com/blog/surrogacy-agency-risks-lessons,0.0,814.0,0.0,8.2002457002457
https://international-surrogacy.com/blog/surrogacy-contracts-unveiled,0.0,14.0,0.0,43.285714285714285
https://international-surrogacy.com/blog/surrogacy-friendly-states,0.0,578.0,0.0,38.0916955017301
https://international-surrogacy.com/blog/surrogacy-in-the-age,0.0,41.0,0.0,28.902439024390244
https://international-surrogacy.com/blog/surrogacy-in-times-of-covid-19,0.0,17.0,0.0,15.235294117647058
https://international-surrogacy.com/blog/surrogacy-in-ukraine-from-a-to-z-how-to-prepare-as-intended-parents,0.0,46.0,0.0,17.41304347826087
https://international-surrogacy.com/blog/surrogacy-in-ukraine-is-it-safe,0.0,10.0,0.0,6.8
https://international-surrogacy.com/blog/surrogacy-in-ukraine-myths-and-reality-with-delivering-dreams,0.0,12.0,0.0,8.166666666666668
https://international-surrogacy.com/blog/surrogacy-industry-prepares-for-war,0.0,10.0,0.0,20.9
https://international-surrogacy.com/blog/surrogacy-is-the-most-selfless-gift,0.0,56.0,0.0,8.803571428571429
https://international-surrogacy.com/blog/surrogacy-ivf-and-the-seasonal-impact-on-fertility-treatments,0.0,6.0,0.0,7.333333333333333
https://international-surrogacy.com/blog/surrogacy-journey-in-ukraine,0.0,33.0,0.0,23.90909090909091
https://international-surrogacy.com/blog/surrogacy-myths-debunked,0.0,9.0,0.0,21.22222222222222
https://international-surrogacy.com/blog/surrogacy-option,0.0,58.0,0.0,57.293103448275865
https://international-surrogacy.com/blog/surrogacy-or-ivf-which-is-better,0.0,289.0,0.0,58.550173010380625
https://international-surrogacy.com/blog/surrogacy-play-tugs-at-heartstrings,0.0,6.0,0.0,9.333333333333334
https://international-surrogacy.com/blog/surrogacy-pope-francis,0.0,107.0,0.0,23.018691588785046
https://international-surrogacy.com/blog/surrogacy-vs-adoption-what-you-need-to-know,0.0,120.0,0.0,28.358333333333334
https://international-surrogacy.com/blog/surrogate-match,0.0,190.0,0.0,34.67894736842105
https://international-surrogacy.com/blog/surrogates-need-to-share-their-experiences,0.0,22.0,0.0,14.227272727272727
https://international-surrogacy.com/blog/suspect-is-struggling-with-infertility-1,0.0,3.0,0.0,6.333333333333333
https://international-surrogacy.com/blog/sylvia-demott-interview,0.0,36.0,0.0,26.694444444444443
https://international-surrogacy.com/blog/te-quality-in-blastocysts,0.0,117.0,0.0,6.282051282051282
https://international-surrogacy.com/blog/terrified-ukrainian-surrogates,0.0,16.0,0.0,5.9375
https://international-surrogacy.com/blog/the-egg-quantity-vs-quality-debate,0.0,6.0,0.0,15.833333333333334
https://international-surrogacy.com/blog/the-medical-process-explained,0.0,5.0,0.0,2.6
https://international-surrogacy.com/blog/the-miracle-of-life,0.0,12.0,0.0,13.416666666666666
https://international-surrogacy.com/blog/the-real-talk-on-having-a-baby-after-35,0.0,31.0,0.0,16.67741935483871
https://international-surrogacy.com/blog/the-surrogate-mother-experience-a-journey-of-hope-and-fulfillment,0.0,1081.0,0.0,28.722479185938944
https://international-surrogacy.com/blog/there-are-funds-services-for-parents,0.0,12.0,0.0,10.083333333333334
https://international-surrogacy.com/blog/this-one-couple-i-know,0.0,1.0,0.0,7.0
https://international-surrogacy.com/blog/those-struggling-to-overcome-infertility,0.0,5.0,0.0,13.6
https://international-surrogacy.com/blog/through-surrogacy-ricky-martin#h1-ricky-martin-s-children-four-biological-kids-two-surrogacies-one-decision-to-be-a-father-on-his-own-terms,0.0,45.0,0.0,5.444444444444445
https://international-surrogacy.com/blog/through-surrogacy-ricky-martin#h2-surrogacy-for-single-men-how-the-ghana-program-works,0.0,19.0,0.0,7.947368421052632
https://international-surrogacy.com/blog/through-surrogacy-ricky-martin#h3-egg-donation-your-child-will-be-biologically-yours,0.0,20.0,0.0,7.7
https://international-surrogacy.com/blog/through-surrogacy-ricky-martin#h4-who-can-apply-for-surrogacy-in-ghana-eligibility-and-important-notice,0.0,19.0,0.0,7.947368421052632
https://international-surrogacy.com/blog/through-surrogacy-ricky-martin#h5-frequently-asked-questions-ricky-martin-surrogacy-and-single-fatherhood,0.0,46.0,0.0,5.391304347826087
https://international-surrogacy.com/blog/toni-street,0.0,41.0,0.0,18.48780487804878
https://international-surrogacy.com/blog/toni-street-38,0.0,3.0,0.0,8.0
https://international-surrogacy.com/blog/top-5-tv-shows-exploring-surrogacy#h1-friends-phoebe-and-the-surrogate-triplets-season-4-episode-11-and-season-5-episode-3,0.0,119.0,0.0,7.428571428571429
https://international-surrogacy.com/blog/top-5-tv-shows-exploring-surrogacy#h2-the-new-normal-bryan-david-and-goldie-s-surrogacy-journey-entire-series,0.0,149.0,0.0,7.389261744966443
https://international-surrogacy.com/blog/top-5-tv-shows-exploring-surrogacy#h3-the-handmaid-s-tale-a-dystopian-take-on-surrogacy-entire-series,0.0,122.0,0.0,7.721311475409836
https://international-surrogacy.com/blog/top-ten-reasons,0.0,35.0,0.0,18.82857142857143
https://international-surrogacy.com/blog/traditional-vs-gestational-surrogacy,0.0,435.0,0.0,67.19310344827586
https://international-surrogacy.com/blog/transfers-wrong-embryo,0.0,51.0,0.0,18.92156862745098
https://international-surrogacy.com/blog/trapped-between-the-frontlines,0.0,29.0,0.0,7.586206896551724
https://international-surrogacy.com/blog/treating-male-infertility,0.0,25.0,0.0,40.64
https://international-surrogacy.com/blog/true-abundance,0.0,9.0,0.0,34.888888888888886
https://international-surrogacy.com/blog/twins-ivf-pregnancy,0.0,14.0,0.0,25.285714285714285
https://international-surrogacy.com/blog/two-thirds-of-uk-patients,0.0,2.0,0.0,6.0
https://international-surrogacy.com/blog/ukraine-allows-unlimited-embryo-storage,0.0,2.0,0.0,8.0
https://international-surrogacy.com/blog/ukraine-is-great,0.0,11.0,0.0,64.9090909090909
https://international-surrogacy.com/blog/ukraine-s-surrogacy-industry,0.0,36.0,0.0,14.194444444444445
https://international-surrogacy.com/blog/ukraine-welcomes-foreigners,0.0,6.0,0.0,31.833333333333332
https://international-surrogacy.com/blog/ukrainian-surrogacy-about-covid,0.0,30.0,0.0,55.333333333333336
https://international-surrogacy.com/blog/ukrainian-surrogacy-ensuring,0.0,48.0,0.0,66.47916666666667
https://international-surrogacy.com/blog/ukrainian-surrogacy-law,0.0,3.0,0.0,17.0
https://international-surrogacy.com/blog/ukrainian-surrogacy-laws-protect-intended-parents,0.0,1.0,0.0,4.0
https://international-surrogacy.com/blog/ukrainian-surrogate-agency-aims,0.0,50.0,0.0,31.72
https://international-surrogacy.com/blog/ukrainian-surrogate-and-child-healthy,0.0,5.0,0.0,5.2
https://international-surrogacy.com/blog/ukrainiansurrogacy-do-i-need-to-be-married,0.0,3.0,0.0,16.333333333333336
https://international-surrogacy.com/blog/ultimate-solution-faq,0.0,11.0,0.0,17.181818181818183
https://international-surrogacy.com/blog/understand-success-rates,0.0,63.0,0.0,58.17460317460318
https://international-surrogacy.com/blog/understanding-gestational-surrogacy,0.0,16.0,0.0,53.8125
https://international-surrogacy.com/blog/understanding-the-benefits-of-surrogacy,0.0,145.0,0.0,61.3448275862069
https://international-surrogacy.com/blog/unraveling-the-impact-of-ai-on-ivf,0.0,28.0,0.0,6.464285714285714
https://international-surrogacy.com/blog/upmc-carlisle,0.0,40.0,0.0,19.525
https://international-surrogacy.com/blog/us-women-veterans,0.0,9.0,0.0,29.333333333333332
https://international-surrogacy.com/blog/want-kids-after-vasectomy-ivf-and-other-choices,0.0,90.0,0.0,13.844444444444445
https://international-surrogacy.com/blog/war-and-where-is-safe,0.0,13.0,0.0,47.76923076923077
https://international-surrogacy.com/blog/way-for-stem-cell-research,0.0,3.0,0.0,3.6666666666666665
https://international-surrogacy.com/blog/webinar-how-the-war-is-and-is-not-affecting,0.0,6.0,0.0,8.166666666666668
https://international-surrogacy.com/blog/what-are-your-infertility-options-today,0.0,76.0,0.0,20.657894736842106
https://international-surrogacy.com/blog/what-is-a-blastocyst,0.0,172.0,0.0,29.627906976744185
https://international-surrogacy.com/blog/what-is-a-surrogate,0.0,2194.0,0.0,62.358705560619875
https://international-surrogacy.com/blog/what-is-gestational-surrogacy,0.0,220.0,0.0,68.58181818181818
https://international-surrogacy.com/blog/what-is-hcg-pregnancy-test,0.0,949.0,0.0,4.389884088514226
https://international-surrogacy.com/blog/what-is-icsi-treatment,0.0,11.0,0.0,40.81818181818182
https://international-surrogacy.com/blog/what-is-sperm-washing,0.0,161.0,0.0,54.099378881987576
https://international-surrogacy.com/blog/what-makes-us-a-stand-apart,0.0,80.0,0.0,18.825
https://international-surrogacy.com/blog/what-sets-us-apart-client-convenience,0.0,31.0,0.0,24.193548387096776
https://international-surrogacy.com/blog/what-sets-us-apart-surrogate-care,0.0,18.0,0.0,15.777777777777779
https://international-surrogacy.com/blog/what-sets-us-apart-unique-benefits,0.0,49.0,0.0,13.36734693877551
https://international-surrogacy.com/blog/what-they-don-t-tell-you-about-infertility,0.0,4.0,0.0,6.0
https://international-surrogacy.com/blog/what-will-my-surrogacy-cost,0.0,3.0,0.0,3.6666666666666665
https://international-surrogacy.com/blog/when-are-payments-made,0.0,39.0,0.0,7.384615384615385
https://international-surrogacy.com/blog/when-considering-international-surrogacy,0.0,3.0,0.0,3.0
https://international-surrogacy.com/blog/when-is-surrogacy-seen,0.0,6.0,0.0,33.166666666666664
https://international-surrogacy.com/blog/where-are-surrogates-located,0.0,3.0,0.0,11.666666666666666
https://international-surrogacy.com/blog/who-can-legally-do-surrogacy-in-ukraine,0.0,31.0,0.0,26.032258064516128
https://international-surrogacy.com/blog/why-did-paris-hilton-use-a-surrogate#h1-the-underlying-reasons-why-did-paris-hilton-use-a-surrogate,0.0,345.0,0.0,8.101449275362318
https://international-surrogacy.com/blog/why-did-paris-hilton-use-a-surrogate#h2-embracing-motherhood-how-paris-welcomed-baby-phoenix-via-surrogate,0.0,274.0,0.0,8.321167883211679
https://international-surrogacy.com/blog/why-did-paris-hilton-use-a-surrogate#h3-the-support-system-paris-and-carter-s-bond,0.0,270.0,0.0,8.348148148148148
https://international-surrogacy.com/blog/why-did-paris-hilton-use-a-surrogate#h4-the-world-reacts-from-judgment-to-empathy,0.0,270.0,0.0,8.329629629629629
https://international-surrogacy.com/blog/why-did-paris-hilton-use-a-surrogate#h5-a-personal-choice-a-universal-emotion-could-surrogacy-be-right-for-you,0.0,269.0,0.0,8.338289962825279
https://international-surrogacy.com/blog/why-did-paris-hilton-use-a-surrogate#h6-frequently-asked-questions-about-paris-hilton-and-surrogacy,0.0,348.0,0.0,8.112068965517242
https://international-surrogacy.com/blog/why-reviews-matter-when-selecting-a-surrogacy-agency,0.0,228.0,0.0,34.00438596491228
https://international-surrogacy.com/blog/why-surrogacy-support-is-essential-for-a-successful-journey,0.0,411.0,0.0,50.839416058394164
https://international-surrogacy.com/blog/why-you-should-start-now,0.0,10.0,0.0,16.8
https://international-surrogacy.com/blog/with-ukrainian-surrogacy,0.0,7.0,0.0,14.428571428571429
https://international-surrogacy.com/blog/women-are-often-overtreated,0.0,1.0,0.0,5.0
https://international-surrogacy.com/blog/women-cancer,0.0,48.0,0.0,42.604166666666664
https://international-surrogacy.com/blog/you-know-what-you-re-missing,0.0,22.0,0.0,16.5
https://international-surrogacy.com/blog/you-should-try,0.0,6.0,0.0,24.0
https://international-surrogacy.com/blog/your-childs-birth-certificate,0.0,2728.0,0.0,12.179618768328446
https://international-surrogacy.com/blog/zygote,0.0,276.0,0.0,35.56159420289855
https://international-surrogacy.com/book-your-ivf-call-now,0.0,1.0,0.0,28.0
https://international-surrogacy.com/book-your-surrogacy-call,0.0,1.0,0.0,3.0
https://international-surrogacy.com/egg-freezing,0.0,106.0,0.0,5.481132075471698
https://international-surrogacy.com/free-book-successful-surrogacy,0.0,2.0,0.0,7.5
https://international-surrogacy.com/frozen-embryo-transfer-fet,0.0,97.0,0.0,12.948453608247423
https://international-surrogacy.com/guarantees,0.0,1635.0,0.0,23.89908256880734
https://international-surrogacy.com/how-it-works,0.0,2168.0,0.0,51.434963099631
https://international-surrogacy.com/images/embryo_grades.png,0.0,5.0,0.0,35.6
https://international-surrogacy.com/images/friends.jpeg,0.0,2.0,0.0,28.0
https://international-surrogacy.com/images/landing/surrogacy-ukraine/legality.png,0.0,1.0,0.0,11.0
https://international-surrogacy.com/images/success-stories/marilyn-antonio-bottom.webp,0.0,1.0,0.0,20.0
https://international-surrogacy.com/images/success-stories/marilyn-antonio.webp,0.0,1.0,0.0,8.0
https://international-surrogacy.com/images/success-stories/vanessa-andrey-top.webp,0.0,1.0,0.0,30.0
https://international-surrogacy.com/mass-media-about-us,0.0,16.0,0.0,40.75
https://international-surrogacy.com/media/k2/items/cache/05a977f75c8bd421cf67e35678973f79_XL.jpg,0.0,3.0,0.0,14.666666666666666
https://international-surrogacy.com/media/k2/items/cache/1519e954ae6bd629544356cae3e51766_L.jpg,0.0,1.0,0.0,23.0
https://international-surrogacy.com/media/k2/items/cache/18cb4412b3fd96d4c2c15944894f7ea5_L.jpg,0.0,1.0,0.0,60.0
https://international-surrogacy.com/media/k2/items/cache/18cb4412b3fd96d4c2c15944894f7ea5_XL.jpg,0.0,1.0,0.0,15.0
https://international-surrogacy.com/media/k2/items/cache/2d535442c2c0b0669d8f5a051ed00bcc_L.jpg,0.0,2.0,0.0,11.5
https://international-surrogacy.com/media/k2/items/cache/37e725efe26e0487bc83287a1c350936_XL.jpg,0.0,1.0,0.0,13.0
https://international-surrogacy.com/media/k2/items/cache/5f9ec0b2e765a617089a13fe6f9b5c6d_XL.jpg,0.0,4.0,0.0,9.25
https://international-surrogacy.com/media/k2/items/cache/7b17ec9e1ac0efe68976696eb1e50b37_XL.jpg,0.0,1.0,0.0,36.0
https://international-surrogacy.com/media/k2/items/cache/7e64c4d2a4a242251ffdaa790b21fa01_S.jpg,0.0,1.0,0.0,23.0
https://international-surrogacy.com/media/k2/items/cache/7e64c4d2a4a242251ffdaa790b21fa01_XL.jpg,0.0,2.0,0.0,14.0
https://international-surrogacy.com/media/k2/items/cache/91650abe72b74891ce17dffa3726f716_L.jpg,0.0,1.0,0.0,4.0
https://international-surrogacy.com/media/k2/items/cache/91650abe72b74891ce17dffa3726f716_XL.jpg,0.0,2.0,0.0,10.5
https://international-surrogacy.com/media/k2/items/cache/bc61c35998920c79a57e03ad91265e8b_XL.jpg,0.0,1.0,0.0,15.0
https://international-surrogacy.com/media/k2/items/cache/cdfa54053805c4a7f07a2686eb2f2fc9_XL.jpg,0.0,1.0,0.0,22.0
https://international-surrogacy.com/media/k2/items/cache/d3b3799d6611d677944f5f86a500beb3_L.jpg,0.0,1.0,0.0,15.0
https://international-surrogacy.com/media/k2/items/cache/d3b3799d6611d677944f5f86a500beb3_XL.jpg,0.0,2.0,0.0,43.0
https://international-surrogacy.com/media/k2/items/cache/d8c427c7dd6445d50d9342ac3fcef82e_XL.jpg,0.0,1.0,0.0,2.0
https://international-surrogacy.com/media/k2/items/cache/df1da44862bfbe0dd2169e4d14570593_XL.jpg,0.0,1.0,0.0,15.0
https://international-surrogacy.com/our-mission,0.0,110.0,0.0,9.863636363636363
https://international-surrogacy.com/privacy-policy,0.0,14.0,0.0,19.642857142857142
https://international-surrogacy.com/quiz,0.0,226.0,0.0,9.969026548672566
https://international-surrogacy.com/successful-surrogacy-free-book,0.0,39.0,0.0,26.82051282051282
https://international-surrogacy.com/surrogacy-articles/12-our-surrogacy-programs,0.0,5.0,0.0,5.8
https://international-surrogacy.com/surrogacy-articles/28-sitemap,0.0,1.0,0.0,1.0
https://international-surrogacy.com/surrogacy-articles/50-reviews-of-ukraine,0.0,117.0,0.0,12.555555555555555
https://international-surrogacy.com/surrogacy-articles/6-our-costs,0.0,157.0,0.0,31.605095541401273
https://international-surrogacy.com/surrogacy-articles/7-our-financing,0.0,2.0,0.0,7.0
https://international-surrogacy.com/surrogacy-articles/8-ivf,0.0,23.0,0.0,9.478260869565217
https://international-surrogacy.com/surrogacy-cost-calculator,0.0,104.0,0.0,11.923076923076923
https://international-surrogacy.com/surrogacy-new-york,0.0,386.0,0.0,42.4119170984456
https://international-surrogacy.com/surrogacy-with-donor-oocytes,0.0,87.0,0.0,15.597701149425287
https://international-surrogacy.com/surrogacy-with-own-oocytes,0.0,146.0,0.0,9.767123287671232
https://international-surrogacy.com/surrogacy/donors,0.0,1344.0,0.0,21.496279761904763
https://international-surrogacy.com/surrogate-and-ivf-programs-for-irish-couples,0.0,58.0,0.0,30.5
https://international-surrogacy.com/test-page,0.0,7.0,0.0,9.857142857142858
https://international-surrogacy.com/why-choose-delivering-dreams-classic-2,0.0,19.0,0.0,8.473684210526315
https://international-surrogacy.com/why-choosing-us,0.0,11.0,0.0,33.54545454545455
